codigo_tienda,venta_neta,nombre_tienda,ciudad,region,m2_sala,fecha_apertura
T03,432784.58,Los Andes Los Olivos,Lima,Lima,1900,2020-02-20
T04,426492.22,Los Andes Ate,Lima,Lima,2100,2020-09-10
T07,368528.27,Los Andes Villa El Salvador,Lima,Lima,1980,2022-06-03
T02,358754.72,Los Andes San Miguel,Lima,Lima,1480,2019-07-01
T06,338050.56,Los Andes Comas,Lima,Lima,1720,2021-11-18
T01,324259.59,Los Andes Miraflores,Lima,Lima,1250,2019-03-15
T05,305183.67,Los Andes Surco,Lima,Lima,1350,2021-04-05
T09,259005.0,Los Andes Cerro Colorado,Arequipa,Arequipa,1650,2023-05-22
WEB,253534.75,Canal en linea,Lima,Lima,0,2025-02-01
T11,242808.47,Los Andes Trujillo Centro,Trujillo,La Libertad,1550,2023-09-08
T08,229040.45,Los Andes Cayma,Arequipa,Arequipa,1400,2022-10-12
T10,187539.5,Los Andes Yanahuara,Arequipa,Arequipa,1100,2024-01-30
T12,177398.44,Los Andes Victor Larco,Trujillo,La Libertad,1300,2024-08-19
