id_tiempo,fecha,dia,nombre_dia,semana_anio,mes,nombre_mes,trimestre,semestre,anio,es_fin_semana,es_feriado
20220101,2022-01-01,1,Sabado,52,1,Enero,1,1,2022,1,0
20220102,2022-01-02,2,Domingo,52,1,Enero,1,1,2022,1,0
20220103,2022-01-03,3,Lunes,1,1,Enero,1,1,2022,0,0
20220104,2022-01-04,4,Martes,1,1,Enero,1,1,2022,0,0
20220105,2022-01-05,5,Miercoles,1,1,Enero,1,1,2022,0,0
20220106,2022-01-06,6,Jueves,1,1,Enero,1,1,2022,0,0
20220107,2022-01-07,7,Viernes,1,1,Enero,1,1,2022,0,0
20220108,2022-01-08,8,Sabado,1,1,Enero,1,1,2022,1,0
20220109,2022-01-09,9,Domingo,1,1,Enero,1,1,2022,1,0
20220110,2022-01-10,10,Lunes,2,1,Enero,1,1,2022,0,0
20220111,2022-01-11,11,Martes,2,1,Enero,1,1,2022,0,0
20220112,2022-01-12,12,Miercoles,2,1,Enero,1,1,2022,0,0
20220113,2022-01-13,13,Jueves,2,1,Enero,1,1,2022,0,0
20220114,2022-01-14,14,Viernes,2,1,Enero,1,1,2022,0,0
20220115,2022-01-15,15,Sabado,2,1,Enero,1,1,2022,1,0
20220116,2022-01-16,16,Domingo,2,1,Enero,1,1,2022,1,0
20220117,2022-01-17,17,Lunes,3,1,Enero,1,1,2022,0,0
20220118,2022-01-18,18,Martes,3,1,Enero,1,1,2022,0,0
20220119,2022-01-19,19,Miercoles,3,1,Enero,1,1,2022,0,0
20220120,2022-01-20,20,Jueves,3,1,Enero,1,1,2022,0,0
20220121,2022-01-21,21,Viernes,3,1,Enero,1,1,2022,0,0
20220122,2022-01-22,22,Sabado,3,1,Enero,1,1,2022,1,0
20220123,2022-01-23,23,Domingo,3,1,Enero,1,1,2022,1,0
20220124,2022-01-24,24,Lunes,4,1,Enero,1,1,2022,0,0
20220125,2022-01-25,25,Martes,4,1,Enero,1,1,2022,0,0
20220126,2022-01-26,26,Miercoles,4,1,Enero,1,1,2022,0,0
20220127,2022-01-27,27,Jueves,4,1,Enero,1,1,2022,0,0
20220128,2022-01-28,28,Viernes,4,1,Enero,1,1,2022,0,0
20220129,2022-01-29,29,Sabado,4,1,Enero,1,1,2022,1,0
20220130,2022-01-30,30,Domingo,4,1,Enero,1,1,2022,1,0
20220131,2022-01-31,31,Lunes,5,1,Enero,1,1,2022,0,0
20220201,2022-02-01,1,Martes,5,2,Febrero,1,1,2022,0,0
20220202,2022-02-02,2,Miercoles,5,2,Febrero,1,1,2022,0,0
20220203,2022-02-03,3,Jueves,5,2,Febrero,1,1,2022,0,0
20220204,2022-02-04,4,Viernes,5,2,Febrero,1,1,2022,0,0
20220205,2022-02-05,5,Sabado,5,2,Febrero,1,1,2022,1,0
20220206,2022-02-06,6,Domingo,5,2,Febrero,1,1,2022,1,0
20220207,2022-02-07,7,Lunes,6,2,Febrero,1,1,2022,0,0
20220208,2022-02-08,8,Martes,6,2,Febrero,1,1,2022,0,0
20220209,2022-02-09,9,Miercoles,6,2,Febrero,1,1,2022,0,0
20220210,2022-02-10,10,Jueves,6,2,Febrero,1,1,2022,0,0
20220211,2022-02-11,11,Viernes,6,2,Febrero,1,1,2022,0,0
20220212,2022-02-12,12,Sabado,6,2,Febrero,1,1,2022,1,0
20220213,2022-02-13,13,Domingo,6,2,Febrero,1,1,2022,1,0
20220214,2022-02-14,14,Lunes,7,2,Febrero,1,1,2022,0,0
20220215,2022-02-15,15,Martes,7,2,Febrero,1,1,2022,0,0
20220216,2022-02-16,16,Miercoles,7,2,Febrero,1,1,2022,0,0
20220217,2022-02-17,17,Jueves,7,2,Febrero,1,1,2022,0,0
20220218,2022-02-18,18,Viernes,7,2,Febrero,1,1,2022,0,0
20220219,2022-02-19,19,Sabado,7,2,Febrero,1,1,2022,1,0
20220220,2022-02-20,20,Domingo,7,2,Febrero,1,1,2022,1,0
20220221,2022-02-21,21,Lunes,8,2,Febrero,1,1,2022,0,0
20220222,2022-02-22,22,Martes,8,2,Febrero,1,1,2022,0,0
20220223,2022-02-23,23,Miercoles,8,2,Febrero,1,1,2022,0,0
20220224,2022-02-24,24,Jueves,8,2,Febrero,1,1,2022,0,0
20220225,2022-02-25,25,Viernes,8,2,Febrero,1,1,2022,0,0
20220226,2022-02-26,26,Sabado,8,2,Febrero,1,1,2022,1,0
20220227,2022-02-27,27,Domingo,8,2,Febrero,1,1,2022,1,0
20220228,2022-02-28,28,Lunes,9,2,Febrero,1,1,2022,0,0
20220301,2022-03-01,1,Martes,9,3,Marzo,1,1,2022,0,0
20220302,2022-03-02,2,Miercoles,9,3,Marzo,1,1,2022,0,0
20220303,2022-03-03,3,Jueves,9,3,Marzo,1,1,2022,0,0
20220304,2022-03-04,4,Viernes,9,3,Marzo,1,1,2022,0,0
20220305,2022-03-05,5,Sabado,9,3,Marzo,1,1,2022,1,0
20220306,2022-03-06,6,Domingo,9,3,Marzo,1,1,2022,1,0
20220307,2022-03-07,7,Lunes,10,3,Marzo,1,1,2022,0,0
20220308,2022-03-08,8,Martes,10,3,Marzo,1,1,2022,0,0
20220309,2022-03-09,9,Miercoles,10,3,Marzo,1,1,2022,0,0
20220310,2022-03-10,10,Jueves,10,3,Marzo,1,1,2022,0,0
20220311,2022-03-11,11,Viernes,10,3,Marzo,1,1,2022,0,0
20220312,2022-03-12,12,Sabado,10,3,Marzo,1,1,2022,1,0
20220313,2022-03-13,13,Domingo,10,3,Marzo,1,1,2022,1,0
20220314,2022-03-14,14,Lunes,11,3,Marzo,1,1,2022,0,0
20220315,2022-03-15,15,Martes,11,3,Marzo,1,1,2022,0,0
20220316,2022-03-16,16,Miercoles,11,3,Marzo,1,1,2022,0,0
20220317,2022-03-17,17,Jueves,11,3,Marzo,1,1,2022,0,0
20220318,2022-03-18,18,Viernes,11,3,Marzo,1,1,2022,0,0
20220319,2022-03-19,19,Sabado,11,3,Marzo,1,1,2022,1,0
20220320,2022-03-20,20,Domingo,11,3,Marzo,1,1,2022,1,0
20220321,2022-03-21,21,Lunes,12,3,Marzo,1,1,2022,0,0
20220322,2022-03-22,22,Martes,12,3,Marzo,1,1,2022,0,0
20220323,2022-03-23,23,Miercoles,12,3,Marzo,1,1,2022,0,0
20220324,2022-03-24,24,Jueves,12,3,Marzo,1,1,2022,0,0
20220325,2022-03-25,25,Viernes,12,3,Marzo,1,1,2022,0,0
20220326,2022-03-26,26,Sabado,12,3,Marzo,1,1,2022,1,0
20220327,2022-03-27,27,Domingo,12,3,Marzo,1,1,2022,1,0
20220328,2022-03-28,28,Lunes,13,3,Marzo,1,1,2022,0,0
20220329,2022-03-29,29,Martes,13,3,Marzo,1,1,2022,0,0
20220330,2022-03-30,30,Miercoles,13,3,Marzo,1,1,2022,0,0
20220331,2022-03-31,31,Jueves,13,3,Marzo,1,1,2022,0,0
20220401,2022-04-01,1,Viernes,13,4,Abril,2,1,2022,0,0
20220402,2022-04-02,2,Sabado,13,4,Abril,2,1,2022,1,0
20220403,2022-04-03,3,Domingo,13,4,Abril,2,1,2022,1,0
20220404,2022-04-04,4,Lunes,14,4,Abril,2,1,2022,0,0
20220405,2022-04-05,5,Martes,14,4,Abril,2,1,2022,0,0
20220406,2022-04-06,6,Miercoles,14,4,Abril,2,1,2022,0,0
20220407,2022-04-07,7,Jueves,14,4,Abril,2,1,2022,0,0
20220408,2022-04-08,8,Viernes,14,4,Abril,2,1,2022,0,0
20220409,2022-04-09,9,Sabado,14,4,Abril,2,1,2022,1,0
20220410,2022-04-10,10,Domingo,14,4,Abril,2,1,2022,1,0
20220411,2022-04-11,11,Lunes,15,4,Abril,2,1,2022,0,0
20220412,2022-04-12,12,Martes,15,4,Abril,2,1,2022,0,0
20220413,2022-04-13,13,Miercoles,15,4,Abril,2,1,2022,0,0
20220414,2022-04-14,14,Jueves,15,4,Abril,2,1,2022,0,0
20220415,2022-04-15,15,Viernes,15,4,Abril,2,1,2022,0,0
20220416,2022-04-16,16,Sabado,15,4,Abril,2,1,2022,1,0
20220417,2022-04-17,17,Domingo,15,4,Abril,2,1,2022,1,0
20220418,2022-04-18,18,Lunes,16,4,Abril,2,1,2022,0,0
20220419,2022-04-19,19,Martes,16,4,Abril,2,1,2022,0,0
20220420,2022-04-20,20,Miercoles,16,4,Abril,2,1,2022,0,0
20220421,2022-04-21,21,Jueves,16,4,Abril,2,1,2022,0,0
20220422,2022-04-22,22,Viernes,16,4,Abril,2,1,2022,0,0
20220423,2022-04-23,23,Sabado,16,4,Abril,2,1,2022,1,0
20220424,2022-04-24,24,Domingo,16,4,Abril,2,1,2022,1,0
20220425,2022-04-25,25,Lunes,17,4,Abril,2,1,2022,0,0
20220426,2022-04-26,26,Martes,17,4,Abril,2,1,2022,0,0
20220427,2022-04-27,27,Miercoles,17,4,Abril,2,1,2022,0,0
20220428,2022-04-28,28,Jueves,17,4,Abril,2,1,2022,0,0
20220429,2022-04-29,29,Viernes,17,4,Abril,2,1,2022,0,0
20220430,2022-04-30,30,Sabado,17,4,Abril,2,1,2022,1,0
20220501,2022-05-01,1,Domingo,17,5,Mayo,2,1,2022,1,0
20220502,2022-05-02,2,Lunes,18,5,Mayo,2,1,2022,0,0
20220503,2022-05-03,3,Martes,18,5,Mayo,2,1,2022,0,0
20220504,2022-05-04,4,Miercoles,18,5,Mayo,2,1,2022,0,0
20220505,2022-05-05,5,Jueves,18,5,Mayo,2,1,2022,0,0
20220506,2022-05-06,6,Viernes,18,5,Mayo,2,1,2022,0,0
20220507,2022-05-07,7,Sabado,18,5,Mayo,2,1,2022,1,0
20220508,2022-05-08,8,Domingo,18,5,Mayo,2,1,2022,1,0
20220509,2022-05-09,9,Lunes,19,5,Mayo,2,1,2022,0,0
20220510,2022-05-10,10,Martes,19,5,Mayo,2,1,2022,0,0
20220511,2022-05-11,11,Miercoles,19,5,Mayo,2,1,2022,0,0
20220512,2022-05-12,12,Jueves,19,5,Mayo,2,1,2022,0,0
20220513,2022-05-13,13,Viernes,19,5,Mayo,2,1,2022,0,0
20220514,2022-05-14,14,Sabado,19,5,Mayo,2,1,2022,1,0
20220515,2022-05-15,15,Domingo,19,5,Mayo,2,1,2022,1,0
20220516,2022-05-16,16,Lunes,20,5,Mayo,2,1,2022,0,0
20220517,2022-05-17,17,Martes,20,5,Mayo,2,1,2022,0,0
20220518,2022-05-18,18,Miercoles,20,5,Mayo,2,1,2022,0,0
20220519,2022-05-19,19,Jueves,20,5,Mayo,2,1,2022,0,0
20220520,2022-05-20,20,Viernes,20,5,Mayo,2,1,2022,0,0
20220521,2022-05-21,21,Sabado,20,5,Mayo,2,1,2022,1,0
20220522,2022-05-22,22,Domingo,20,5,Mayo,2,1,2022,1,0
20220523,2022-05-23,23,Lunes,21,5,Mayo,2,1,2022,0,0
20220524,2022-05-24,24,Martes,21,5,Mayo,2,1,2022,0,0
20220525,2022-05-25,25,Miercoles,21,5,Mayo,2,1,2022,0,0
20220526,2022-05-26,26,Jueves,21,5,Mayo,2,1,2022,0,0
20220527,2022-05-27,27,Viernes,21,5,Mayo,2,1,2022,0,0
20220528,2022-05-28,28,Sabado,21,5,Mayo,2,1,2022,1,0
20220529,2022-05-29,29,Domingo,21,5,Mayo,2,1,2022,1,0
20220530,2022-05-30,30,Lunes,22,5,Mayo,2,1,2022,0,0
20220531,2022-05-31,31,Martes,22,5,Mayo,2,1,2022,0,0
20220601,2022-06-01,1,Miercoles,22,6,Junio,2,1,2022,0,0
20220602,2022-06-02,2,Jueves,22,6,Junio,2,1,2022,0,0
20220603,2022-06-03,3,Viernes,22,6,Junio,2,1,2022,0,0
20220604,2022-06-04,4,Sabado,22,6,Junio,2,1,2022,1,0
20220605,2022-06-05,5,Domingo,22,6,Junio,2,1,2022,1,0
20220606,2022-06-06,6,Lunes,23,6,Junio,2,1,2022,0,0
20220607,2022-06-07,7,Martes,23,6,Junio,2,1,2022,0,0
20220608,2022-06-08,8,Miercoles,23,6,Junio,2,1,2022,0,0
20220609,2022-06-09,9,Jueves,23,6,Junio,2,1,2022,0,0
20220610,2022-06-10,10,Viernes,23,6,Junio,2,1,2022,0,0
20220611,2022-06-11,11,Sabado,23,6,Junio,2,1,2022,1,0
20220612,2022-06-12,12,Domingo,23,6,Junio,2,1,2022,1,0
20220613,2022-06-13,13,Lunes,24,6,Junio,2,1,2022,0,0
20220614,2022-06-14,14,Martes,24,6,Junio,2,1,2022,0,0
20220615,2022-06-15,15,Miercoles,24,6,Junio,2,1,2022,0,0
20220616,2022-06-16,16,Jueves,24,6,Junio,2,1,2022,0,0
20220617,2022-06-17,17,Viernes,24,6,Junio,2,1,2022,0,0
20220618,2022-06-18,18,Sabado,24,6,Junio,2,1,2022,1,0
20220619,2022-06-19,19,Domingo,24,6,Junio,2,1,2022,1,0
20220620,2022-06-20,20,Lunes,25,6,Junio,2,1,2022,0,0
20220621,2022-06-21,21,Martes,25,6,Junio,2,1,2022,0,0
20220622,2022-06-22,22,Miercoles,25,6,Junio,2,1,2022,0,0
20220623,2022-06-23,23,Jueves,25,6,Junio,2,1,2022,0,0
20220624,2022-06-24,24,Viernes,25,6,Junio,2,1,2022,0,0
20220625,2022-06-25,25,Sabado,25,6,Junio,2,1,2022,1,0
20220626,2022-06-26,26,Domingo,25,6,Junio,2,1,2022,1,0
20220627,2022-06-27,27,Lunes,26,6,Junio,2,1,2022,0,0
20220628,2022-06-28,28,Martes,26,6,Junio,2,1,2022,0,0
20220629,2022-06-29,29,Miercoles,26,6,Junio,2,1,2022,0,0
20220630,2022-06-30,30,Jueves,26,6,Junio,2,1,2022,0,0
20220701,2022-07-01,1,Viernes,26,7,Julio,3,2,2022,0,0
20220702,2022-07-02,2,Sabado,26,7,Julio,3,2,2022,1,0
20220703,2022-07-03,3,Domingo,26,7,Julio,3,2,2022,1,0
20220704,2022-07-04,4,Lunes,27,7,Julio,3,2,2022,0,0
20220705,2022-07-05,5,Martes,27,7,Julio,3,2,2022,0,0
20220706,2022-07-06,6,Miercoles,27,7,Julio,3,2,2022,0,0
20220707,2022-07-07,7,Jueves,27,7,Julio,3,2,2022,0,0
20220708,2022-07-08,8,Viernes,27,7,Julio,3,2,2022,0,0
20220709,2022-07-09,9,Sabado,27,7,Julio,3,2,2022,1,0
20220710,2022-07-10,10,Domingo,27,7,Julio,3,2,2022,1,0
20220711,2022-07-11,11,Lunes,28,7,Julio,3,2,2022,0,0
20220712,2022-07-12,12,Martes,28,7,Julio,3,2,2022,0,0
20220713,2022-07-13,13,Miercoles,28,7,Julio,3,2,2022,0,0
20220714,2022-07-14,14,Jueves,28,7,Julio,3,2,2022,0,0
20220715,2022-07-15,15,Viernes,28,7,Julio,3,2,2022,0,0
20220716,2022-07-16,16,Sabado,28,7,Julio,3,2,2022,1,0
20220717,2022-07-17,17,Domingo,28,7,Julio,3,2,2022,1,0
20220718,2022-07-18,18,Lunes,29,7,Julio,3,2,2022,0,0
20220719,2022-07-19,19,Martes,29,7,Julio,3,2,2022,0,0
20220720,2022-07-20,20,Miercoles,29,7,Julio,3,2,2022,0,0
20220721,2022-07-21,21,Jueves,29,7,Julio,3,2,2022,0,0
20220722,2022-07-22,22,Viernes,29,7,Julio,3,2,2022,0,0
20220723,2022-07-23,23,Sabado,29,7,Julio,3,2,2022,1,0
20220724,2022-07-24,24,Domingo,29,7,Julio,3,2,2022,1,0
20220725,2022-07-25,25,Lunes,30,7,Julio,3,2,2022,0,0
20220726,2022-07-26,26,Martes,30,7,Julio,3,2,2022,0,0
20220727,2022-07-27,27,Miercoles,30,7,Julio,3,2,2022,0,0
20220728,2022-07-28,28,Jueves,30,7,Julio,3,2,2022,0,0
20220729,2022-07-29,29,Viernes,30,7,Julio,3,2,2022,0,0
20220730,2022-07-30,30,Sabado,30,7,Julio,3,2,2022,1,0
20220731,2022-07-31,31,Domingo,30,7,Julio,3,2,2022,1,0
20220801,2022-08-01,1,Lunes,31,8,Agosto,3,2,2022,0,0
20220802,2022-08-02,2,Martes,31,8,Agosto,3,2,2022,0,0
20220803,2022-08-03,3,Miercoles,31,8,Agosto,3,2,2022,0,0
20220804,2022-08-04,4,Jueves,31,8,Agosto,3,2,2022,0,0
20220805,2022-08-05,5,Viernes,31,8,Agosto,3,2,2022,0,0
20220806,2022-08-06,6,Sabado,31,8,Agosto,3,2,2022,1,0
20220807,2022-08-07,7,Domingo,31,8,Agosto,3,2,2022,1,0
20220808,2022-08-08,8,Lunes,32,8,Agosto,3,2,2022,0,0
20220809,2022-08-09,9,Martes,32,8,Agosto,3,2,2022,0,0
20220810,2022-08-10,10,Miercoles,32,8,Agosto,3,2,2022,0,0
20220811,2022-08-11,11,Jueves,32,8,Agosto,3,2,2022,0,0
20220812,2022-08-12,12,Viernes,32,8,Agosto,3,2,2022,0,0
20220813,2022-08-13,13,Sabado,32,8,Agosto,3,2,2022,1,0
20220814,2022-08-14,14,Domingo,32,8,Agosto,3,2,2022,1,0
20220815,2022-08-15,15,Lunes,33,8,Agosto,3,2,2022,0,0
20220816,2022-08-16,16,Martes,33,8,Agosto,3,2,2022,0,0
20220817,2022-08-17,17,Miercoles,33,8,Agosto,3,2,2022,0,0
20220818,2022-08-18,18,Jueves,33,8,Agosto,3,2,2022,0,0
20220819,2022-08-19,19,Viernes,33,8,Agosto,3,2,2022,0,0
20220820,2022-08-20,20,Sabado,33,8,Agosto,3,2,2022,1,0
20220821,2022-08-21,21,Domingo,33,8,Agosto,3,2,2022,1,0
20220822,2022-08-22,22,Lunes,34,8,Agosto,3,2,2022,0,0
20220823,2022-08-23,23,Martes,34,8,Agosto,3,2,2022,0,0
20220824,2022-08-24,24,Miercoles,34,8,Agosto,3,2,2022,0,0
20220825,2022-08-25,25,Jueves,34,8,Agosto,3,2,2022,0,0
20220826,2022-08-26,26,Viernes,34,8,Agosto,3,2,2022,0,0
20220827,2022-08-27,27,Sabado,34,8,Agosto,3,2,2022,1,0
20220828,2022-08-28,28,Domingo,34,8,Agosto,3,2,2022,1,0
20220829,2022-08-29,29,Lunes,35,8,Agosto,3,2,2022,0,0
20220830,2022-08-30,30,Martes,35,8,Agosto,3,2,2022,0,0
20220831,2022-08-31,31,Miercoles,35,8,Agosto,3,2,2022,0,0
20220901,2022-09-01,1,Jueves,35,9,Septiembre,3,2,2022,0,0
20220902,2022-09-02,2,Viernes,35,9,Septiembre,3,2,2022,0,0
20220903,2022-09-03,3,Sabado,35,9,Septiembre,3,2,2022,1,0
20220904,2022-09-04,4,Domingo,35,9,Septiembre,3,2,2022,1,0
20220905,2022-09-05,5,Lunes,36,9,Septiembre,3,2,2022,0,0
20220906,2022-09-06,6,Martes,36,9,Septiembre,3,2,2022,0,0
20220907,2022-09-07,7,Miercoles,36,9,Septiembre,3,2,2022,0,0
20220908,2022-09-08,8,Jueves,36,9,Septiembre,3,2,2022,0,0
20220909,2022-09-09,9,Viernes,36,9,Septiembre,3,2,2022,0,0
20220910,2022-09-10,10,Sabado,36,9,Septiembre,3,2,2022,1,0
20220911,2022-09-11,11,Domingo,36,9,Septiembre,3,2,2022,1,0
20220912,2022-09-12,12,Lunes,37,9,Septiembre,3,2,2022,0,0
20220913,2022-09-13,13,Martes,37,9,Septiembre,3,2,2022,0,0
20220914,2022-09-14,14,Miercoles,37,9,Septiembre,3,2,2022,0,0
20220915,2022-09-15,15,Jueves,37,9,Septiembre,3,2,2022,0,0
20220916,2022-09-16,16,Viernes,37,9,Septiembre,3,2,2022,0,0
20220917,2022-09-17,17,Sabado,37,9,Septiembre,3,2,2022,1,0
20220918,2022-09-18,18,Domingo,37,9,Septiembre,3,2,2022,1,0
20220919,2022-09-19,19,Lunes,38,9,Septiembre,3,2,2022,0,0
20220920,2022-09-20,20,Martes,38,9,Septiembre,3,2,2022,0,0
20220921,2022-09-21,21,Miercoles,38,9,Septiembre,3,2,2022,0,0
20220922,2022-09-22,22,Jueves,38,9,Septiembre,3,2,2022,0,0
20220923,2022-09-23,23,Viernes,38,9,Septiembre,3,2,2022,0,0
20220924,2022-09-24,24,Sabado,38,9,Septiembre,3,2,2022,1,0
20220925,2022-09-25,25,Domingo,38,9,Septiembre,3,2,2022,1,0
20220926,2022-09-26,26,Lunes,39,9,Septiembre,3,2,2022,0,0
20220927,2022-09-27,27,Martes,39,9,Septiembre,3,2,2022,0,0
20220928,2022-09-28,28,Miercoles,39,9,Septiembre,3,2,2022,0,0
20220929,2022-09-29,29,Jueves,39,9,Septiembre,3,2,2022,0,0
20220930,2022-09-30,30,Viernes,39,9,Septiembre,3,2,2022,0,0
20221001,2022-10-01,1,Sabado,39,10,Octubre,4,2,2022,1,0
20221002,2022-10-02,2,Domingo,39,10,Octubre,4,2,2022,1,0
20221003,2022-10-03,3,Lunes,40,10,Octubre,4,2,2022,0,0
20221004,2022-10-04,4,Martes,40,10,Octubre,4,2,2022,0,0
20221005,2022-10-05,5,Miercoles,40,10,Octubre,4,2,2022,0,0
20221006,2022-10-06,6,Jueves,40,10,Octubre,4,2,2022,0,0
20221007,2022-10-07,7,Viernes,40,10,Octubre,4,2,2022,0,0
20221008,2022-10-08,8,Sabado,40,10,Octubre,4,2,2022,1,0
20221009,2022-10-09,9,Domingo,40,10,Octubre,4,2,2022,1,0
20221010,2022-10-10,10,Lunes,41,10,Octubre,4,2,2022,0,0
20221011,2022-10-11,11,Martes,41,10,Octubre,4,2,2022,0,0
20221012,2022-10-12,12,Miercoles,41,10,Octubre,4,2,2022,0,0
20221013,2022-10-13,13,Jueves,41,10,Octubre,4,2,2022,0,0
20221014,2022-10-14,14,Viernes,41,10,Octubre,4,2,2022,0,0
20221015,2022-10-15,15,Sabado,41,10,Octubre,4,2,2022,1,0
20221016,2022-10-16,16,Domingo,41,10,Octubre,4,2,2022,1,0
20221017,2022-10-17,17,Lunes,42,10,Octubre,4,2,2022,0,0
20221018,2022-10-18,18,Martes,42,10,Octubre,4,2,2022,0,0
20221019,2022-10-19,19,Miercoles,42,10,Octubre,4,2,2022,0,0
20221020,2022-10-20,20,Jueves,42,10,Octubre,4,2,2022,0,0
20221021,2022-10-21,21,Viernes,42,10,Octubre,4,2,2022,0,0
20221022,2022-10-22,22,Sabado,42,10,Octubre,4,2,2022,1,0
20221023,2022-10-23,23,Domingo,42,10,Octubre,4,2,2022,1,0
20221024,2022-10-24,24,Lunes,43,10,Octubre,4,2,2022,0,0
20221025,2022-10-25,25,Martes,43,10,Octubre,4,2,2022,0,0
20221026,2022-10-26,26,Miercoles,43,10,Octubre,4,2,2022,0,0
20221027,2022-10-27,27,Jueves,43,10,Octubre,4,2,2022,0,0
20221028,2022-10-28,28,Viernes,43,10,Octubre,4,2,2022,0,0
20221029,2022-10-29,29,Sabado,43,10,Octubre,4,2,2022,1,0
20221030,2022-10-30,30,Domingo,43,10,Octubre,4,2,2022,1,0
20221031,2022-10-31,31,Lunes,44,10,Octubre,4,2,2022,0,0
20221101,2022-11-01,1,Martes,44,11,Noviembre,4,2,2022,0,0
20221102,2022-11-02,2,Miercoles,44,11,Noviembre,4,2,2022,0,0
20221103,2022-11-03,3,Jueves,44,11,Noviembre,4,2,2022,0,0
20221104,2022-11-04,4,Viernes,44,11,Noviembre,4,2,2022,0,0
20221105,2022-11-05,5,Sabado,44,11,Noviembre,4,2,2022,1,0
20221106,2022-11-06,6,Domingo,44,11,Noviembre,4,2,2022,1,0
20221107,2022-11-07,7,Lunes,45,11,Noviembre,4,2,2022,0,0
20221108,2022-11-08,8,Martes,45,11,Noviembre,4,2,2022,0,0
20221109,2022-11-09,9,Miercoles,45,11,Noviembre,4,2,2022,0,0
20221110,2022-11-10,10,Jueves,45,11,Noviembre,4,2,2022,0,0
20221111,2022-11-11,11,Viernes,45,11,Noviembre,4,2,2022,0,0
20221112,2022-11-12,12,Sabado,45,11,Noviembre,4,2,2022,1,0
20221113,2022-11-13,13,Domingo,45,11,Noviembre,4,2,2022,1,0
20221114,2022-11-14,14,Lunes,46,11,Noviembre,4,2,2022,0,0
20221115,2022-11-15,15,Martes,46,11,Noviembre,4,2,2022,0,0
20221116,2022-11-16,16,Miercoles,46,11,Noviembre,4,2,2022,0,0
20221117,2022-11-17,17,Jueves,46,11,Noviembre,4,2,2022,0,0
20221118,2022-11-18,18,Viernes,46,11,Noviembre,4,2,2022,0,0
20221119,2022-11-19,19,Sabado,46,11,Noviembre,4,2,2022,1,0
20221120,2022-11-20,20,Domingo,46,11,Noviembre,4,2,2022,1,0
20221121,2022-11-21,21,Lunes,47,11,Noviembre,4,2,2022,0,0
20221122,2022-11-22,22,Martes,47,11,Noviembre,4,2,2022,0,0
20221123,2022-11-23,23,Miercoles,47,11,Noviembre,4,2,2022,0,0
20221124,2022-11-24,24,Jueves,47,11,Noviembre,4,2,2022,0,0
20221125,2022-11-25,25,Viernes,47,11,Noviembre,4,2,2022,0,0
20221126,2022-11-26,26,Sabado,47,11,Noviembre,4,2,2022,1,0
20221127,2022-11-27,27,Domingo,47,11,Noviembre,4,2,2022,1,0
20221128,2022-11-28,28,Lunes,48,11,Noviembre,4,2,2022,0,0
20221129,2022-11-29,29,Martes,48,11,Noviembre,4,2,2022,0,0
20221130,2022-11-30,30,Miercoles,48,11,Noviembre,4,2,2022,0,0
20221201,2022-12-01,1,Jueves,48,12,Diciembre,4,2,2022,0,0
20221202,2022-12-02,2,Viernes,48,12,Diciembre,4,2,2022,0,0
20221203,2022-12-03,3,Sabado,48,12,Diciembre,4,2,2022,1,0
20221204,2022-12-04,4,Domingo,48,12,Diciembre,4,2,2022,1,0
20221205,2022-12-05,5,Lunes,49,12,Diciembre,4,2,2022,0,0
20221206,2022-12-06,6,Martes,49,12,Diciembre,4,2,2022,0,0
20221207,2022-12-07,7,Miercoles,49,12,Diciembre,4,2,2022,0,0
20221208,2022-12-08,8,Jueves,49,12,Diciembre,4,2,2022,0,0
20221209,2022-12-09,9,Viernes,49,12,Diciembre,4,2,2022,0,0
20221210,2022-12-10,10,Sabado,49,12,Diciembre,4,2,2022,1,0
20221211,2022-12-11,11,Domingo,49,12,Diciembre,4,2,2022,1,0
20221212,2022-12-12,12,Lunes,50,12,Diciembre,4,2,2022,0,0
20221213,2022-12-13,13,Martes,50,12,Diciembre,4,2,2022,0,0
20221214,2022-12-14,14,Miercoles,50,12,Diciembre,4,2,2022,0,0
20221215,2022-12-15,15,Jueves,50,12,Diciembre,4,2,2022,0,0
20221216,2022-12-16,16,Viernes,50,12,Diciembre,4,2,2022,0,0
20221217,2022-12-17,17,Sabado,50,12,Diciembre,4,2,2022,1,0
20221218,2022-12-18,18,Domingo,50,12,Diciembre,4,2,2022,1,0
20221219,2022-12-19,19,Lunes,51,12,Diciembre,4,2,2022,0,0
20221220,2022-12-20,20,Martes,51,12,Diciembre,4,2,2022,0,0
20221221,2022-12-21,21,Miercoles,51,12,Diciembre,4,2,2022,0,0
20221222,2022-12-22,22,Jueves,51,12,Diciembre,4,2,2022,0,0
20221223,2022-12-23,23,Viernes,51,12,Diciembre,4,2,2022,0,0
20221224,2022-12-24,24,Sabado,51,12,Diciembre,4,2,2022,1,0
20221225,2022-12-25,25,Domingo,51,12,Diciembre,4,2,2022,1,0
20221226,2022-12-26,26,Lunes,52,12,Diciembre,4,2,2022,0,0
20221227,2022-12-27,27,Martes,52,12,Diciembre,4,2,2022,0,0
20221228,2022-12-28,28,Miercoles,52,12,Diciembre,4,2,2022,0,0
20221229,2022-12-29,29,Jueves,52,12,Diciembre,4,2,2022,0,0
20221230,2022-12-30,30,Viernes,52,12,Diciembre,4,2,2022,0,0
20221231,2022-12-31,31,Sabado,52,12,Diciembre,4,2,2022,1,0
20230101,2023-01-01,1,Domingo,52,1,Enero,1,1,2023,1,0
20230102,2023-01-02,2,Lunes,1,1,Enero,1,1,2023,0,0
20230103,2023-01-03,3,Martes,1,1,Enero,1,1,2023,0,0
20230104,2023-01-04,4,Miercoles,1,1,Enero,1,1,2023,0,0
20230105,2023-01-05,5,Jueves,1,1,Enero,1,1,2023,0,0
20230106,2023-01-06,6,Viernes,1,1,Enero,1,1,2023,0,0
20230107,2023-01-07,7,Sabado,1,1,Enero,1,1,2023,1,0
20230108,2023-01-08,8,Domingo,1,1,Enero,1,1,2023,1,0
20230109,2023-01-09,9,Lunes,2,1,Enero,1,1,2023,0,0
20230110,2023-01-10,10,Martes,2,1,Enero,1,1,2023,0,0
20230111,2023-01-11,11,Miercoles,2,1,Enero,1,1,2023,0,0
20230112,2023-01-12,12,Jueves,2,1,Enero,1,1,2023,0,0
20230113,2023-01-13,13,Viernes,2,1,Enero,1,1,2023,0,0
20230114,2023-01-14,14,Sabado,2,1,Enero,1,1,2023,1,0
20230115,2023-01-15,15,Domingo,2,1,Enero,1,1,2023,1,0
20230116,2023-01-16,16,Lunes,3,1,Enero,1,1,2023,0,0
20230117,2023-01-17,17,Martes,3,1,Enero,1,1,2023,0,0
20230118,2023-01-18,18,Miercoles,3,1,Enero,1,1,2023,0,0
20230119,2023-01-19,19,Jueves,3,1,Enero,1,1,2023,0,0
20230120,2023-01-20,20,Viernes,3,1,Enero,1,1,2023,0,0
20230121,2023-01-21,21,Sabado,3,1,Enero,1,1,2023,1,0
20230122,2023-01-22,22,Domingo,3,1,Enero,1,1,2023,1,0
20230123,2023-01-23,23,Lunes,4,1,Enero,1,1,2023,0,0
20230124,2023-01-24,24,Martes,4,1,Enero,1,1,2023,0,0
20230125,2023-01-25,25,Miercoles,4,1,Enero,1,1,2023,0,0
20230126,2023-01-26,26,Jueves,4,1,Enero,1,1,2023,0,0
20230127,2023-01-27,27,Viernes,4,1,Enero,1,1,2023,0,0
20230128,2023-01-28,28,Sabado,4,1,Enero,1,1,2023,1,0
20230129,2023-01-29,29,Domingo,4,1,Enero,1,1,2023,1,0
20230130,2023-01-30,30,Lunes,5,1,Enero,1,1,2023,0,0
20230131,2023-01-31,31,Martes,5,1,Enero,1,1,2023,0,0
20230201,2023-02-01,1,Miercoles,5,2,Febrero,1,1,2023,0,0
20230202,2023-02-02,2,Jueves,5,2,Febrero,1,1,2023,0,0
20230203,2023-02-03,3,Viernes,5,2,Febrero,1,1,2023,0,0
20230204,2023-02-04,4,Sabado,5,2,Febrero,1,1,2023,1,0
20230205,2023-02-05,5,Domingo,5,2,Febrero,1,1,2023,1,0
20230206,2023-02-06,6,Lunes,6,2,Febrero,1,1,2023,0,0
20230207,2023-02-07,7,Martes,6,2,Febrero,1,1,2023,0,0
20230208,2023-02-08,8,Miercoles,6,2,Febrero,1,1,2023,0,0
20230209,2023-02-09,9,Jueves,6,2,Febrero,1,1,2023,0,0
20230210,2023-02-10,10,Viernes,6,2,Febrero,1,1,2023,0,0
20230211,2023-02-11,11,Sabado,6,2,Febrero,1,1,2023,1,0
20230212,2023-02-12,12,Domingo,6,2,Febrero,1,1,2023,1,0
20230213,2023-02-13,13,Lunes,7,2,Febrero,1,1,2023,0,0
20230214,2023-02-14,14,Martes,7,2,Febrero,1,1,2023,0,0
20230215,2023-02-15,15,Miercoles,7,2,Febrero,1,1,2023,0,0
20230216,2023-02-16,16,Jueves,7,2,Febrero,1,1,2023,0,0
20230217,2023-02-17,17,Viernes,7,2,Febrero,1,1,2023,0,0
20230218,2023-02-18,18,Sabado,7,2,Febrero,1,1,2023,1,0
20230219,2023-02-19,19,Domingo,7,2,Febrero,1,1,2023,1,0
20230220,2023-02-20,20,Lunes,8,2,Febrero,1,1,2023,0,0
20230221,2023-02-21,21,Martes,8,2,Febrero,1,1,2023,0,0
20230222,2023-02-22,22,Miercoles,8,2,Febrero,1,1,2023,0,0
20230223,2023-02-23,23,Jueves,8,2,Febrero,1,1,2023,0,0
20230224,2023-02-24,24,Viernes,8,2,Febrero,1,1,2023,0,0
20230225,2023-02-25,25,Sabado,8,2,Febrero,1,1,2023,1,0
20230226,2023-02-26,26,Domingo,8,2,Febrero,1,1,2023,1,0
20230227,2023-02-27,27,Lunes,9,2,Febrero,1,1,2023,0,0
20230228,2023-02-28,28,Martes,9,2,Febrero,1,1,2023,0,0
20230301,2023-03-01,1,Miercoles,9,3,Marzo,1,1,2023,0,0
20230302,2023-03-02,2,Jueves,9,3,Marzo,1,1,2023,0,0
20230303,2023-03-03,3,Viernes,9,3,Marzo,1,1,2023,0,0
20230304,2023-03-04,4,Sabado,9,3,Marzo,1,1,2023,1,0
20230305,2023-03-05,5,Domingo,9,3,Marzo,1,1,2023,1,0
20230306,2023-03-06,6,Lunes,10,3,Marzo,1,1,2023,0,0
20230307,2023-03-07,7,Martes,10,3,Marzo,1,1,2023,0,0
20230308,2023-03-08,8,Miercoles,10,3,Marzo,1,1,2023,0,0
20230309,2023-03-09,9,Jueves,10,3,Marzo,1,1,2023,0,0
20230310,2023-03-10,10,Viernes,10,3,Marzo,1,1,2023,0,0
20230311,2023-03-11,11,Sabado,10,3,Marzo,1,1,2023,1,0
20230312,2023-03-12,12,Domingo,10,3,Marzo,1,1,2023,1,0
20230313,2023-03-13,13,Lunes,11,3,Marzo,1,1,2023,0,0
20230314,2023-03-14,14,Martes,11,3,Marzo,1,1,2023,0,0
20230315,2023-03-15,15,Miercoles,11,3,Marzo,1,1,2023,0,0
20230316,2023-03-16,16,Jueves,11,3,Marzo,1,1,2023,0,0
20230317,2023-03-17,17,Viernes,11,3,Marzo,1,1,2023,0,0
20230318,2023-03-18,18,Sabado,11,3,Marzo,1,1,2023,1,0
20230319,2023-03-19,19,Domingo,11,3,Marzo,1,1,2023,1,0
20230320,2023-03-20,20,Lunes,12,3,Marzo,1,1,2023,0,0
20230321,2023-03-21,21,Martes,12,3,Marzo,1,1,2023,0,0
20230322,2023-03-22,22,Miercoles,12,3,Marzo,1,1,2023,0,0
20230323,2023-03-23,23,Jueves,12,3,Marzo,1,1,2023,0,0
20230324,2023-03-24,24,Viernes,12,3,Marzo,1,1,2023,0,0
20230325,2023-03-25,25,Sabado,12,3,Marzo,1,1,2023,1,0
20230326,2023-03-26,26,Domingo,12,3,Marzo,1,1,2023,1,0
20230327,2023-03-27,27,Lunes,13,3,Marzo,1,1,2023,0,0
20230328,2023-03-28,28,Martes,13,3,Marzo,1,1,2023,0,0
20230329,2023-03-29,29,Miercoles,13,3,Marzo,1,1,2023,0,0
20230330,2023-03-30,30,Jueves,13,3,Marzo,1,1,2023,0,0
20230331,2023-03-31,31,Viernes,13,3,Marzo,1,1,2023,0,0
20230401,2023-04-01,1,Sabado,13,4,Abril,2,1,2023,1,0
20230402,2023-04-02,2,Domingo,13,4,Abril,2,1,2023,1,0
20230403,2023-04-03,3,Lunes,14,4,Abril,2,1,2023,0,0
20230404,2023-04-04,4,Martes,14,4,Abril,2,1,2023,0,0
20230405,2023-04-05,5,Miercoles,14,4,Abril,2,1,2023,0,0
20230406,2023-04-06,6,Jueves,14,4,Abril,2,1,2023,0,0
20230407,2023-04-07,7,Viernes,14,4,Abril,2,1,2023,0,0
20230408,2023-04-08,8,Sabado,14,4,Abril,2,1,2023,1,0
20230409,2023-04-09,9,Domingo,14,4,Abril,2,1,2023,1,0
20230410,2023-04-10,10,Lunes,15,4,Abril,2,1,2023,0,0
20230411,2023-04-11,11,Martes,15,4,Abril,2,1,2023,0,0
20230412,2023-04-12,12,Miercoles,15,4,Abril,2,1,2023,0,0
20230413,2023-04-13,13,Jueves,15,4,Abril,2,1,2023,0,0
20230414,2023-04-14,14,Viernes,15,4,Abril,2,1,2023,0,0
20230415,2023-04-15,15,Sabado,15,4,Abril,2,1,2023,1,0
20230416,2023-04-16,16,Domingo,15,4,Abril,2,1,2023,1,0
20230417,2023-04-17,17,Lunes,16,4,Abril,2,1,2023,0,0
20230418,2023-04-18,18,Martes,16,4,Abril,2,1,2023,0,0
20230419,2023-04-19,19,Miercoles,16,4,Abril,2,1,2023,0,0
20230420,2023-04-20,20,Jueves,16,4,Abril,2,1,2023,0,0
20230421,2023-04-21,21,Viernes,16,4,Abril,2,1,2023,0,0
20230422,2023-04-22,22,Sabado,16,4,Abril,2,1,2023,1,0
20230423,2023-04-23,23,Domingo,16,4,Abril,2,1,2023,1,0
20230424,2023-04-24,24,Lunes,17,4,Abril,2,1,2023,0,0
20230425,2023-04-25,25,Martes,17,4,Abril,2,1,2023,0,0
20230426,2023-04-26,26,Miercoles,17,4,Abril,2,1,2023,0,0
20230427,2023-04-27,27,Jueves,17,4,Abril,2,1,2023,0,0
20230428,2023-04-28,28,Viernes,17,4,Abril,2,1,2023,0,0
20230429,2023-04-29,29,Sabado,17,4,Abril,2,1,2023,1,0
20230430,2023-04-30,30,Domingo,17,4,Abril,2,1,2023,1,0
20230501,2023-05-01,1,Lunes,18,5,Mayo,2,1,2023,0,0
20230502,2023-05-02,2,Martes,18,5,Mayo,2,1,2023,0,0
20230503,2023-05-03,3,Miercoles,18,5,Mayo,2,1,2023,0,0
20230504,2023-05-04,4,Jueves,18,5,Mayo,2,1,2023,0,0
20230505,2023-05-05,5,Viernes,18,5,Mayo,2,1,2023,0,0
20230506,2023-05-06,6,Sabado,18,5,Mayo,2,1,2023,1,0
20230507,2023-05-07,7,Domingo,18,5,Mayo,2,1,2023,1,0
20230508,2023-05-08,8,Lunes,19,5,Mayo,2,1,2023,0,0
20230509,2023-05-09,9,Martes,19,5,Mayo,2,1,2023,0,0
20230510,2023-05-10,10,Miercoles,19,5,Mayo,2,1,2023,0,0
20230511,2023-05-11,11,Jueves,19,5,Mayo,2,1,2023,0,0
20230512,2023-05-12,12,Viernes,19,5,Mayo,2,1,2023,0,0
20230513,2023-05-13,13,Sabado,19,5,Mayo,2,1,2023,1,0
20230514,2023-05-14,14,Domingo,19,5,Mayo,2,1,2023,1,0
20230515,2023-05-15,15,Lunes,20,5,Mayo,2,1,2023,0,0
20230516,2023-05-16,16,Martes,20,5,Mayo,2,1,2023,0,0
20230517,2023-05-17,17,Miercoles,20,5,Mayo,2,1,2023,0,0
20230518,2023-05-18,18,Jueves,20,5,Mayo,2,1,2023,0,0
20230519,2023-05-19,19,Viernes,20,5,Mayo,2,1,2023,0,0
20230520,2023-05-20,20,Sabado,20,5,Mayo,2,1,2023,1,0
20230521,2023-05-21,21,Domingo,20,5,Mayo,2,1,2023,1,0
20230522,2023-05-22,22,Lunes,21,5,Mayo,2,1,2023,0,0
20230523,2023-05-23,23,Martes,21,5,Mayo,2,1,2023,0,0
20230524,2023-05-24,24,Miercoles,21,5,Mayo,2,1,2023,0,0
20230525,2023-05-25,25,Jueves,21,5,Mayo,2,1,2023,0,0
20230526,2023-05-26,26,Viernes,21,5,Mayo,2,1,2023,0,0
20230527,2023-05-27,27,Sabado,21,5,Mayo,2,1,2023,1,0
20230528,2023-05-28,28,Domingo,21,5,Mayo,2,1,2023,1,0
20230529,2023-05-29,29,Lunes,22,5,Mayo,2,1,2023,0,0
20230530,2023-05-30,30,Martes,22,5,Mayo,2,1,2023,0,0
20230531,2023-05-31,31,Miercoles,22,5,Mayo,2,1,2023,0,0
20230601,2023-06-01,1,Jueves,22,6,Junio,2,1,2023,0,0
20230602,2023-06-02,2,Viernes,22,6,Junio,2,1,2023,0,0
20230603,2023-06-03,3,Sabado,22,6,Junio,2,1,2023,1,0
20230604,2023-06-04,4,Domingo,22,6,Junio,2,1,2023,1,0
20230605,2023-06-05,5,Lunes,23,6,Junio,2,1,2023,0,0
20230606,2023-06-06,6,Martes,23,6,Junio,2,1,2023,0,0
20230607,2023-06-07,7,Miercoles,23,6,Junio,2,1,2023,0,0
20230608,2023-06-08,8,Jueves,23,6,Junio,2,1,2023,0,0
20230609,2023-06-09,9,Viernes,23,6,Junio,2,1,2023,0,0
20230610,2023-06-10,10,Sabado,23,6,Junio,2,1,2023,1,0
20230611,2023-06-11,11,Domingo,23,6,Junio,2,1,2023,1,0
20230612,2023-06-12,12,Lunes,24,6,Junio,2,1,2023,0,0
20230613,2023-06-13,13,Martes,24,6,Junio,2,1,2023,0,0
20230614,2023-06-14,14,Miercoles,24,6,Junio,2,1,2023,0,0
20230615,2023-06-15,15,Jueves,24,6,Junio,2,1,2023,0,0
20230616,2023-06-16,16,Viernes,24,6,Junio,2,1,2023,0,0
20230617,2023-06-17,17,Sabado,24,6,Junio,2,1,2023,1,0
20230618,2023-06-18,18,Domingo,24,6,Junio,2,1,2023,1,0
20230619,2023-06-19,19,Lunes,25,6,Junio,2,1,2023,0,0
20230620,2023-06-20,20,Martes,25,6,Junio,2,1,2023,0,0
20230621,2023-06-21,21,Miercoles,25,6,Junio,2,1,2023,0,0
20230622,2023-06-22,22,Jueves,25,6,Junio,2,1,2023,0,0
20230623,2023-06-23,23,Viernes,25,6,Junio,2,1,2023,0,0
20230624,2023-06-24,24,Sabado,25,6,Junio,2,1,2023,1,0
20230625,2023-06-25,25,Domingo,25,6,Junio,2,1,2023,1,0
20230626,2023-06-26,26,Lunes,26,6,Junio,2,1,2023,0,0
20230627,2023-06-27,27,Martes,26,6,Junio,2,1,2023,0,0
20230628,2023-06-28,28,Miercoles,26,6,Junio,2,1,2023,0,0
20230629,2023-06-29,29,Jueves,26,6,Junio,2,1,2023,0,0
20230630,2023-06-30,30,Viernes,26,6,Junio,2,1,2023,0,0
20230701,2023-07-01,1,Sabado,26,7,Julio,3,2,2023,1,0
20230702,2023-07-02,2,Domingo,26,7,Julio,3,2,2023,1,0
20230703,2023-07-03,3,Lunes,27,7,Julio,3,2,2023,0,0
20230704,2023-07-04,4,Martes,27,7,Julio,3,2,2023,0,0
20230705,2023-07-05,5,Miercoles,27,7,Julio,3,2,2023,0,0
20230706,2023-07-06,6,Jueves,27,7,Julio,3,2,2023,0,0
20230707,2023-07-07,7,Viernes,27,7,Julio,3,2,2023,0,0
20230708,2023-07-08,8,Sabado,27,7,Julio,3,2,2023,1,0
20230709,2023-07-09,9,Domingo,27,7,Julio,3,2,2023,1,0
20230710,2023-07-10,10,Lunes,28,7,Julio,3,2,2023,0,0
20230711,2023-07-11,11,Martes,28,7,Julio,3,2,2023,0,0
20230712,2023-07-12,12,Miercoles,28,7,Julio,3,2,2023,0,0
20230713,2023-07-13,13,Jueves,28,7,Julio,3,2,2023,0,0
20230714,2023-07-14,14,Viernes,28,7,Julio,3,2,2023,0,0
20230715,2023-07-15,15,Sabado,28,7,Julio,3,2,2023,1,0
20230716,2023-07-16,16,Domingo,28,7,Julio,3,2,2023,1,0
20230717,2023-07-17,17,Lunes,29,7,Julio,3,2,2023,0,0
20230718,2023-07-18,18,Martes,29,7,Julio,3,2,2023,0,0
20230719,2023-07-19,19,Miercoles,29,7,Julio,3,2,2023,0,0
20230720,2023-07-20,20,Jueves,29,7,Julio,3,2,2023,0,0
20230721,2023-07-21,21,Viernes,29,7,Julio,3,2,2023,0,0
20230722,2023-07-22,22,Sabado,29,7,Julio,3,2,2023,1,0
20230723,2023-07-23,23,Domingo,29,7,Julio,3,2,2023,1,0
20230724,2023-07-24,24,Lunes,30,7,Julio,3,2,2023,0,0
20230725,2023-07-25,25,Martes,30,7,Julio,3,2,2023,0,0
20230726,2023-07-26,26,Miercoles,30,7,Julio,3,2,2023,0,0
20230727,2023-07-27,27,Jueves,30,7,Julio,3,2,2023,0,0
20230728,2023-07-28,28,Viernes,30,7,Julio,3,2,2023,0,0
20230729,2023-07-29,29,Sabado,30,7,Julio,3,2,2023,1,0
20230730,2023-07-30,30,Domingo,30,7,Julio,3,2,2023,1,0
20230731,2023-07-31,31,Lunes,31,7,Julio,3,2,2023,0,0
20230801,2023-08-01,1,Martes,31,8,Agosto,3,2,2023,0,0
20230802,2023-08-02,2,Miercoles,31,8,Agosto,3,2,2023,0,0
20230803,2023-08-03,3,Jueves,31,8,Agosto,3,2,2023,0,0
20230804,2023-08-04,4,Viernes,31,8,Agosto,3,2,2023,0,0
20230805,2023-08-05,5,Sabado,31,8,Agosto,3,2,2023,1,0
20230806,2023-08-06,6,Domingo,31,8,Agosto,3,2,2023,1,0
20230807,2023-08-07,7,Lunes,32,8,Agosto,3,2,2023,0,0
20230808,2023-08-08,8,Martes,32,8,Agosto,3,2,2023,0,0
20230809,2023-08-09,9,Miercoles,32,8,Agosto,3,2,2023,0,0
20230810,2023-08-10,10,Jueves,32,8,Agosto,3,2,2023,0,0
20230811,2023-08-11,11,Viernes,32,8,Agosto,3,2,2023,0,0
20230812,2023-08-12,12,Sabado,32,8,Agosto,3,2,2023,1,0
20230813,2023-08-13,13,Domingo,32,8,Agosto,3,2,2023,1,0
20230814,2023-08-14,14,Lunes,33,8,Agosto,3,2,2023,0,0
20230815,2023-08-15,15,Martes,33,8,Agosto,3,2,2023,0,0
20230816,2023-08-16,16,Miercoles,33,8,Agosto,3,2,2023,0,0
20230817,2023-08-17,17,Jueves,33,8,Agosto,3,2,2023,0,0
20230818,2023-08-18,18,Viernes,33,8,Agosto,3,2,2023,0,0
20230819,2023-08-19,19,Sabado,33,8,Agosto,3,2,2023,1,0
20230820,2023-08-20,20,Domingo,33,8,Agosto,3,2,2023,1,0
20230821,2023-08-21,21,Lunes,34,8,Agosto,3,2,2023,0,0
20230822,2023-08-22,22,Martes,34,8,Agosto,3,2,2023,0,0
20230823,2023-08-23,23,Miercoles,34,8,Agosto,3,2,2023,0,0
20230824,2023-08-24,24,Jueves,34,8,Agosto,3,2,2023,0,0
20230825,2023-08-25,25,Viernes,34,8,Agosto,3,2,2023,0,0
20230826,2023-08-26,26,Sabado,34,8,Agosto,3,2,2023,1,0
20230827,2023-08-27,27,Domingo,34,8,Agosto,3,2,2023,1,0
20230828,2023-08-28,28,Lunes,35,8,Agosto,3,2,2023,0,0
20230829,2023-08-29,29,Martes,35,8,Agosto,3,2,2023,0,0
20230830,2023-08-30,30,Miercoles,35,8,Agosto,3,2,2023,0,0
20230831,2023-08-31,31,Jueves,35,8,Agosto,3,2,2023,0,0
20230901,2023-09-01,1,Viernes,35,9,Septiembre,3,2,2023,0,0
20230902,2023-09-02,2,Sabado,35,9,Septiembre,3,2,2023,1,0
20230903,2023-09-03,3,Domingo,35,9,Septiembre,3,2,2023,1,0
20230904,2023-09-04,4,Lunes,36,9,Septiembre,3,2,2023,0,0
20230905,2023-09-05,5,Martes,36,9,Septiembre,3,2,2023,0,0
20230906,2023-09-06,6,Miercoles,36,9,Septiembre,3,2,2023,0,0
20230907,2023-09-07,7,Jueves,36,9,Septiembre,3,2,2023,0,0
20230908,2023-09-08,8,Viernes,36,9,Septiembre,3,2,2023,0,0
20230909,2023-09-09,9,Sabado,36,9,Septiembre,3,2,2023,1,0
20230910,2023-09-10,10,Domingo,36,9,Septiembre,3,2,2023,1,0
20230911,2023-09-11,11,Lunes,37,9,Septiembre,3,2,2023,0,0
20230912,2023-09-12,12,Martes,37,9,Septiembre,3,2,2023,0,0
20230913,2023-09-13,13,Miercoles,37,9,Septiembre,3,2,2023,0,0
20230914,2023-09-14,14,Jueves,37,9,Septiembre,3,2,2023,0,0
20230915,2023-09-15,15,Viernes,37,9,Septiembre,3,2,2023,0,0
20230916,2023-09-16,16,Sabado,37,9,Septiembre,3,2,2023,1,0
20230917,2023-09-17,17,Domingo,37,9,Septiembre,3,2,2023,1,0
20230918,2023-09-18,18,Lunes,38,9,Septiembre,3,2,2023,0,0
20230919,2023-09-19,19,Martes,38,9,Septiembre,3,2,2023,0,0
20230920,2023-09-20,20,Miercoles,38,9,Septiembre,3,2,2023,0,0
20230921,2023-09-21,21,Jueves,38,9,Septiembre,3,2,2023,0,0
20230922,2023-09-22,22,Viernes,38,9,Septiembre,3,2,2023,0,0
20230923,2023-09-23,23,Sabado,38,9,Septiembre,3,2,2023,1,0
20230924,2023-09-24,24,Domingo,38,9,Septiembre,3,2,2023,1,0
20230925,2023-09-25,25,Lunes,39,9,Septiembre,3,2,2023,0,0
20230926,2023-09-26,26,Martes,39,9,Septiembre,3,2,2023,0,0
20230927,2023-09-27,27,Miercoles,39,9,Septiembre,3,2,2023,0,0
20230928,2023-09-28,28,Jueves,39,9,Septiembre,3,2,2023,0,0
20230929,2023-09-29,29,Viernes,39,9,Septiembre,3,2,2023,0,0
20230930,2023-09-30,30,Sabado,39,9,Septiembre,3,2,2023,1,0
20231001,2023-10-01,1,Domingo,39,10,Octubre,4,2,2023,1,0
20231002,2023-10-02,2,Lunes,40,10,Octubre,4,2,2023,0,0
20231003,2023-10-03,3,Martes,40,10,Octubre,4,2,2023,0,0
20231004,2023-10-04,4,Miercoles,40,10,Octubre,4,2,2023,0,0
20231005,2023-10-05,5,Jueves,40,10,Octubre,4,2,2023,0,0
20231006,2023-10-06,6,Viernes,40,10,Octubre,4,2,2023,0,0
20231007,2023-10-07,7,Sabado,40,10,Octubre,4,2,2023,1,0
20231008,2023-10-08,8,Domingo,40,10,Octubre,4,2,2023,1,0
20231009,2023-10-09,9,Lunes,41,10,Octubre,4,2,2023,0,0
20231010,2023-10-10,10,Martes,41,10,Octubre,4,2,2023,0,0
20231011,2023-10-11,11,Miercoles,41,10,Octubre,4,2,2023,0,0
20231012,2023-10-12,12,Jueves,41,10,Octubre,4,2,2023,0,0
20231013,2023-10-13,13,Viernes,41,10,Octubre,4,2,2023,0,0
20231014,2023-10-14,14,Sabado,41,10,Octubre,4,2,2023,1,0
20231015,2023-10-15,15,Domingo,41,10,Octubre,4,2,2023,1,0
20231016,2023-10-16,16,Lunes,42,10,Octubre,4,2,2023,0,0
20231017,2023-10-17,17,Martes,42,10,Octubre,4,2,2023,0,0
20231018,2023-10-18,18,Miercoles,42,10,Octubre,4,2,2023,0,0
20231019,2023-10-19,19,Jueves,42,10,Octubre,4,2,2023,0,0
20231020,2023-10-20,20,Viernes,42,10,Octubre,4,2,2023,0,0
20231021,2023-10-21,21,Sabado,42,10,Octubre,4,2,2023,1,0
20231022,2023-10-22,22,Domingo,42,10,Octubre,4,2,2023,1,0
20231023,2023-10-23,23,Lunes,43,10,Octubre,4,2,2023,0,0
20231024,2023-10-24,24,Martes,43,10,Octubre,4,2,2023,0,0
20231025,2023-10-25,25,Miercoles,43,10,Octubre,4,2,2023,0,0
20231026,2023-10-26,26,Jueves,43,10,Octubre,4,2,2023,0,0
20231027,2023-10-27,27,Viernes,43,10,Octubre,4,2,2023,0,0
20231028,2023-10-28,28,Sabado,43,10,Octubre,4,2,2023,1,0
20231029,2023-10-29,29,Domingo,43,10,Octubre,4,2,2023,1,0
20231030,2023-10-30,30,Lunes,44,10,Octubre,4,2,2023,0,0
20231031,2023-10-31,31,Martes,44,10,Octubre,4,2,2023,0,0
20231101,2023-11-01,1,Miercoles,44,11,Noviembre,4,2,2023,0,0
20231102,2023-11-02,2,Jueves,44,11,Noviembre,4,2,2023,0,0
20231103,2023-11-03,3,Viernes,44,11,Noviembre,4,2,2023,0,0
20231104,2023-11-04,4,Sabado,44,11,Noviembre,4,2,2023,1,0
20231105,2023-11-05,5,Domingo,44,11,Noviembre,4,2,2023,1,0
20231106,2023-11-06,6,Lunes,45,11,Noviembre,4,2,2023,0,0
20231107,2023-11-07,7,Martes,45,11,Noviembre,4,2,2023,0,0
20231108,2023-11-08,8,Miercoles,45,11,Noviembre,4,2,2023,0,0
20231109,2023-11-09,9,Jueves,45,11,Noviembre,4,2,2023,0,0
20231110,2023-11-10,10,Viernes,45,11,Noviembre,4,2,2023,0,0
20231111,2023-11-11,11,Sabado,45,11,Noviembre,4,2,2023,1,0
20231112,2023-11-12,12,Domingo,45,11,Noviembre,4,2,2023,1,0
20231113,2023-11-13,13,Lunes,46,11,Noviembre,4,2,2023,0,0
20231114,2023-11-14,14,Martes,46,11,Noviembre,4,2,2023,0,0
20231115,2023-11-15,15,Miercoles,46,11,Noviembre,4,2,2023,0,0
20231116,2023-11-16,16,Jueves,46,11,Noviembre,4,2,2023,0,0
20231117,2023-11-17,17,Viernes,46,11,Noviembre,4,2,2023,0,0
20231118,2023-11-18,18,Sabado,46,11,Noviembre,4,2,2023,1,0
20231119,2023-11-19,19,Domingo,46,11,Noviembre,4,2,2023,1,0
20231120,2023-11-20,20,Lunes,47,11,Noviembre,4,2,2023,0,0
20231121,2023-11-21,21,Martes,47,11,Noviembre,4,2,2023,0,0
20231122,2023-11-22,22,Miercoles,47,11,Noviembre,4,2,2023,0,0
20231123,2023-11-23,23,Jueves,47,11,Noviembre,4,2,2023,0,0
20231124,2023-11-24,24,Viernes,47,11,Noviembre,4,2,2023,0,0
20231125,2023-11-25,25,Sabado,47,11,Noviembre,4,2,2023,1,0
20231126,2023-11-26,26,Domingo,47,11,Noviembre,4,2,2023,1,0
20231127,2023-11-27,27,Lunes,48,11,Noviembre,4,2,2023,0,0
20231128,2023-11-28,28,Martes,48,11,Noviembre,4,2,2023,0,0
20231129,2023-11-29,29,Miercoles,48,11,Noviembre,4,2,2023,0,0
20231130,2023-11-30,30,Jueves,48,11,Noviembre,4,2,2023,0,0
20231201,2023-12-01,1,Viernes,48,12,Diciembre,4,2,2023,0,0
20231202,2023-12-02,2,Sabado,48,12,Diciembre,4,2,2023,1,0
20231203,2023-12-03,3,Domingo,48,12,Diciembre,4,2,2023,1,0
20231204,2023-12-04,4,Lunes,49,12,Diciembre,4,2,2023,0,0
20231205,2023-12-05,5,Martes,49,12,Diciembre,4,2,2023,0,0
20231206,2023-12-06,6,Miercoles,49,12,Diciembre,4,2,2023,0,0
20231207,2023-12-07,7,Jueves,49,12,Diciembre,4,2,2023,0,0
20231208,2023-12-08,8,Viernes,49,12,Diciembre,4,2,2023,0,0
20231209,2023-12-09,9,Sabado,49,12,Diciembre,4,2,2023,1,0
20231210,2023-12-10,10,Domingo,49,12,Diciembre,4,2,2023,1,0
20231211,2023-12-11,11,Lunes,50,12,Diciembre,4,2,2023,0,0
20231212,2023-12-12,12,Martes,50,12,Diciembre,4,2,2023,0,0
20231213,2023-12-13,13,Miercoles,50,12,Diciembre,4,2,2023,0,0
20231214,2023-12-14,14,Jueves,50,12,Diciembre,4,2,2023,0,0
20231215,2023-12-15,15,Viernes,50,12,Diciembre,4,2,2023,0,0
20231216,2023-12-16,16,Sabado,50,12,Diciembre,4,2,2023,1,0
20231217,2023-12-17,17,Domingo,50,12,Diciembre,4,2,2023,1,0
20231218,2023-12-18,18,Lunes,51,12,Diciembre,4,2,2023,0,0
20231219,2023-12-19,19,Martes,51,12,Diciembre,4,2,2023,0,0
20231220,2023-12-20,20,Miercoles,51,12,Diciembre,4,2,2023,0,0
20231221,2023-12-21,21,Jueves,51,12,Diciembre,4,2,2023,0,0
20231222,2023-12-22,22,Viernes,51,12,Diciembre,4,2,2023,0,0
20231223,2023-12-23,23,Sabado,51,12,Diciembre,4,2,2023,1,0
20231224,2023-12-24,24,Domingo,51,12,Diciembre,4,2,2023,1,0
20231225,2023-12-25,25,Lunes,52,12,Diciembre,4,2,2023,0,0
20231226,2023-12-26,26,Martes,52,12,Diciembre,4,2,2023,0,0
20231227,2023-12-27,27,Miercoles,52,12,Diciembre,4,2,2023,0,0
20231228,2023-12-28,28,Jueves,52,12,Diciembre,4,2,2023,0,0
20231229,2023-12-29,29,Viernes,52,12,Diciembre,4,2,2023,0,0
20231230,2023-12-30,30,Sabado,52,12,Diciembre,4,2,2023,1,0
20231231,2023-12-31,31,Domingo,52,12,Diciembre,4,2,2023,1,0
20240101,2024-01-01,1,Lunes,1,1,Enero,1,1,2024,0,0
20240102,2024-01-02,2,Martes,1,1,Enero,1,1,2024,0,0
20240103,2024-01-03,3,Miercoles,1,1,Enero,1,1,2024,0,0
20240104,2024-01-04,4,Jueves,1,1,Enero,1,1,2024,0,0
20240105,2024-01-05,5,Viernes,1,1,Enero,1,1,2024,0,0
20240106,2024-01-06,6,Sabado,1,1,Enero,1,1,2024,1,0
20240107,2024-01-07,7,Domingo,1,1,Enero,1,1,2024,1,0
20240108,2024-01-08,8,Lunes,2,1,Enero,1,1,2024,0,0
20240109,2024-01-09,9,Martes,2,1,Enero,1,1,2024,0,0
20240110,2024-01-10,10,Miercoles,2,1,Enero,1,1,2024,0,0
20240111,2024-01-11,11,Jueves,2,1,Enero,1,1,2024,0,0
20240112,2024-01-12,12,Viernes,2,1,Enero,1,1,2024,0,0
20240113,2024-01-13,13,Sabado,2,1,Enero,1,1,2024,1,0
20240114,2024-01-14,14,Domingo,2,1,Enero,1,1,2024,1,0
20240115,2024-01-15,15,Lunes,3,1,Enero,1,1,2024,0,0
20240116,2024-01-16,16,Martes,3,1,Enero,1,1,2024,0,0
20240117,2024-01-17,17,Miercoles,3,1,Enero,1,1,2024,0,0
20240118,2024-01-18,18,Jueves,3,1,Enero,1,1,2024,0,0
20240119,2024-01-19,19,Viernes,3,1,Enero,1,1,2024,0,0
20240120,2024-01-20,20,Sabado,3,1,Enero,1,1,2024,1,0
20240121,2024-01-21,21,Domingo,3,1,Enero,1,1,2024,1,0
20240122,2024-01-22,22,Lunes,4,1,Enero,1,1,2024,0,0
20240123,2024-01-23,23,Martes,4,1,Enero,1,1,2024,0,0
20240124,2024-01-24,24,Miercoles,4,1,Enero,1,1,2024,0,0
20240125,2024-01-25,25,Jueves,4,1,Enero,1,1,2024,0,0
20240126,2024-01-26,26,Viernes,4,1,Enero,1,1,2024,0,0
20240127,2024-01-27,27,Sabado,4,1,Enero,1,1,2024,1,0
20240128,2024-01-28,28,Domingo,4,1,Enero,1,1,2024,1,0
20240129,2024-01-29,29,Lunes,5,1,Enero,1,1,2024,0,0
20240130,2024-01-30,30,Martes,5,1,Enero,1,1,2024,0,0
20240131,2024-01-31,31,Miercoles,5,1,Enero,1,1,2024,0,0
20240201,2024-02-01,1,Jueves,5,2,Febrero,1,1,2024,0,0
20240202,2024-02-02,2,Viernes,5,2,Febrero,1,1,2024,0,0
20240203,2024-02-03,3,Sabado,5,2,Febrero,1,1,2024,1,0
20240204,2024-02-04,4,Domingo,5,2,Febrero,1,1,2024,1,0
20240205,2024-02-05,5,Lunes,6,2,Febrero,1,1,2024,0,0
20240206,2024-02-06,6,Martes,6,2,Febrero,1,1,2024,0,0
20240207,2024-02-07,7,Miercoles,6,2,Febrero,1,1,2024,0,0
20240208,2024-02-08,8,Jueves,6,2,Febrero,1,1,2024,0,0
20240209,2024-02-09,9,Viernes,6,2,Febrero,1,1,2024,0,0
20240210,2024-02-10,10,Sabado,6,2,Febrero,1,1,2024,1,0
20240211,2024-02-11,11,Domingo,6,2,Febrero,1,1,2024,1,0
20240212,2024-02-12,12,Lunes,7,2,Febrero,1,1,2024,0,0
20240213,2024-02-13,13,Martes,7,2,Febrero,1,1,2024,0,0
20240214,2024-02-14,14,Miercoles,7,2,Febrero,1,1,2024,0,0
20240215,2024-02-15,15,Jueves,7,2,Febrero,1,1,2024,0,0
20240216,2024-02-16,16,Viernes,7,2,Febrero,1,1,2024,0,0
20240217,2024-02-17,17,Sabado,7,2,Febrero,1,1,2024,1,0
20240218,2024-02-18,18,Domingo,7,2,Febrero,1,1,2024,1,0
20240219,2024-02-19,19,Lunes,8,2,Febrero,1,1,2024,0,0
20240220,2024-02-20,20,Martes,8,2,Febrero,1,1,2024,0,0
20240221,2024-02-21,21,Miercoles,8,2,Febrero,1,1,2024,0,0
20240222,2024-02-22,22,Jueves,8,2,Febrero,1,1,2024,0,0
20240223,2024-02-23,23,Viernes,8,2,Febrero,1,1,2024,0,0
20240224,2024-02-24,24,Sabado,8,2,Febrero,1,1,2024,1,0
20240225,2024-02-25,25,Domingo,8,2,Febrero,1,1,2024,1,0
20240226,2024-02-26,26,Lunes,9,2,Febrero,1,1,2024,0,0
20240227,2024-02-27,27,Martes,9,2,Febrero,1,1,2024,0,0
20240228,2024-02-28,28,Miercoles,9,2,Febrero,1,1,2024,0,0
20240229,2024-02-29,29,Jueves,9,2,Febrero,1,1,2024,0,0
20240301,2024-03-01,1,Viernes,9,3,Marzo,1,1,2024,0,0
20240302,2024-03-02,2,Sabado,9,3,Marzo,1,1,2024,1,0
20240303,2024-03-03,3,Domingo,9,3,Marzo,1,1,2024,1,0
20240304,2024-03-04,4,Lunes,10,3,Marzo,1,1,2024,0,0
20240305,2024-03-05,5,Martes,10,3,Marzo,1,1,2024,0,0
20240306,2024-03-06,6,Miercoles,10,3,Marzo,1,1,2024,0,0
20240307,2024-03-07,7,Jueves,10,3,Marzo,1,1,2024,0,0
20240308,2024-03-08,8,Viernes,10,3,Marzo,1,1,2024,0,0
20240309,2024-03-09,9,Sabado,10,3,Marzo,1,1,2024,1,0
20240310,2024-03-10,10,Domingo,10,3,Marzo,1,1,2024,1,0
20240311,2024-03-11,11,Lunes,11,3,Marzo,1,1,2024,0,0
20240312,2024-03-12,12,Martes,11,3,Marzo,1,1,2024,0,0
20240313,2024-03-13,13,Miercoles,11,3,Marzo,1,1,2024,0,0
20240314,2024-03-14,14,Jueves,11,3,Marzo,1,1,2024,0,0
20240315,2024-03-15,15,Viernes,11,3,Marzo,1,1,2024,0,0
20240316,2024-03-16,16,Sabado,11,3,Marzo,1,1,2024,1,0
20240317,2024-03-17,17,Domingo,11,3,Marzo,1,1,2024,1,0
20240318,2024-03-18,18,Lunes,12,3,Marzo,1,1,2024,0,0
20240319,2024-03-19,19,Martes,12,3,Marzo,1,1,2024,0,0
20240320,2024-03-20,20,Miercoles,12,3,Marzo,1,1,2024,0,0
20240321,2024-03-21,21,Jueves,12,3,Marzo,1,1,2024,0,0
20240322,2024-03-22,22,Viernes,12,3,Marzo,1,1,2024,0,0
20240323,2024-03-23,23,Sabado,12,3,Marzo,1,1,2024,1,0
20240324,2024-03-24,24,Domingo,12,3,Marzo,1,1,2024,1,0
20240325,2024-03-25,25,Lunes,13,3,Marzo,1,1,2024,0,0
20240326,2024-03-26,26,Martes,13,3,Marzo,1,1,2024,0,0
20240327,2024-03-27,27,Miercoles,13,3,Marzo,1,1,2024,0,0
20240328,2024-03-28,28,Jueves,13,3,Marzo,1,1,2024,0,0
20240329,2024-03-29,29,Viernes,13,3,Marzo,1,1,2024,0,0
20240330,2024-03-30,30,Sabado,13,3,Marzo,1,1,2024,1,0
20240331,2024-03-31,31,Domingo,13,3,Marzo,1,1,2024,1,0
20240401,2024-04-01,1,Lunes,14,4,Abril,2,1,2024,0,0
20240402,2024-04-02,2,Martes,14,4,Abril,2,1,2024,0,0
20240403,2024-04-03,3,Miercoles,14,4,Abril,2,1,2024,0,0
20240404,2024-04-04,4,Jueves,14,4,Abril,2,1,2024,0,0
20240405,2024-04-05,5,Viernes,14,4,Abril,2,1,2024,0,0
20240406,2024-04-06,6,Sabado,14,4,Abril,2,1,2024,1,0
20240407,2024-04-07,7,Domingo,14,4,Abril,2,1,2024,1,0
20240408,2024-04-08,8,Lunes,15,4,Abril,2,1,2024,0,0
20240409,2024-04-09,9,Martes,15,4,Abril,2,1,2024,0,0
20240410,2024-04-10,10,Miercoles,15,4,Abril,2,1,2024,0,0
20240411,2024-04-11,11,Jueves,15,4,Abril,2,1,2024,0,0
20240412,2024-04-12,12,Viernes,15,4,Abril,2,1,2024,0,0
20240413,2024-04-13,13,Sabado,15,4,Abril,2,1,2024,1,0
20240414,2024-04-14,14,Domingo,15,4,Abril,2,1,2024,1,0
20240415,2024-04-15,15,Lunes,16,4,Abril,2,1,2024,0,0
20240416,2024-04-16,16,Martes,16,4,Abril,2,1,2024,0,0
20240417,2024-04-17,17,Miercoles,16,4,Abril,2,1,2024,0,0
20240418,2024-04-18,18,Jueves,16,4,Abril,2,1,2024,0,0
20240419,2024-04-19,19,Viernes,16,4,Abril,2,1,2024,0,0
20240420,2024-04-20,20,Sabado,16,4,Abril,2,1,2024,1,0
20240421,2024-04-21,21,Domingo,16,4,Abril,2,1,2024,1,0
20240422,2024-04-22,22,Lunes,17,4,Abril,2,1,2024,0,0
20240423,2024-04-23,23,Martes,17,4,Abril,2,1,2024,0,0
20240424,2024-04-24,24,Miercoles,17,4,Abril,2,1,2024,0,0
20240425,2024-04-25,25,Jueves,17,4,Abril,2,1,2024,0,0
20240426,2024-04-26,26,Viernes,17,4,Abril,2,1,2024,0,0
20240427,2024-04-27,27,Sabado,17,4,Abril,2,1,2024,1,0
20240428,2024-04-28,28,Domingo,17,4,Abril,2,1,2024,1,0
20240429,2024-04-29,29,Lunes,18,4,Abril,2,1,2024,0,0
20240430,2024-04-30,30,Martes,18,4,Abril,2,1,2024,0,0
20240501,2024-05-01,1,Miercoles,18,5,Mayo,2,1,2024,0,0
20240502,2024-05-02,2,Jueves,18,5,Mayo,2,1,2024,0,0
20240503,2024-05-03,3,Viernes,18,5,Mayo,2,1,2024,0,0
20240504,2024-05-04,4,Sabado,18,5,Mayo,2,1,2024,1,0
20240505,2024-05-05,5,Domingo,18,5,Mayo,2,1,2024,1,0
20240506,2024-05-06,6,Lunes,19,5,Mayo,2,1,2024,0,0
20240507,2024-05-07,7,Martes,19,5,Mayo,2,1,2024,0,0
20240508,2024-05-08,8,Miercoles,19,5,Mayo,2,1,2024,0,0
20240509,2024-05-09,9,Jueves,19,5,Mayo,2,1,2024,0,0
20240510,2024-05-10,10,Viernes,19,5,Mayo,2,1,2024,0,0
20240511,2024-05-11,11,Sabado,19,5,Mayo,2,1,2024,1,0
20240512,2024-05-12,12,Domingo,19,5,Mayo,2,1,2024,1,0
20240513,2024-05-13,13,Lunes,20,5,Mayo,2,1,2024,0,0
20240514,2024-05-14,14,Martes,20,5,Mayo,2,1,2024,0,0
20240515,2024-05-15,15,Miercoles,20,5,Mayo,2,1,2024,0,0
20240516,2024-05-16,16,Jueves,20,5,Mayo,2,1,2024,0,0
20240517,2024-05-17,17,Viernes,20,5,Mayo,2,1,2024,0,0
20240518,2024-05-18,18,Sabado,20,5,Mayo,2,1,2024,1,0
20240519,2024-05-19,19,Domingo,20,5,Mayo,2,1,2024,1,0
20240520,2024-05-20,20,Lunes,21,5,Mayo,2,1,2024,0,0
20240521,2024-05-21,21,Martes,21,5,Mayo,2,1,2024,0,0
20240522,2024-05-22,22,Miercoles,21,5,Mayo,2,1,2024,0,0
20240523,2024-05-23,23,Jueves,21,5,Mayo,2,1,2024,0,0
20240524,2024-05-24,24,Viernes,21,5,Mayo,2,1,2024,0,0
20240525,2024-05-25,25,Sabado,21,5,Mayo,2,1,2024,1,0
20240526,2024-05-26,26,Domingo,21,5,Mayo,2,1,2024,1,0
20240527,2024-05-27,27,Lunes,22,5,Mayo,2,1,2024,0,0
20240528,2024-05-28,28,Martes,22,5,Mayo,2,1,2024,0,0
20240529,2024-05-29,29,Miercoles,22,5,Mayo,2,1,2024,0,0
20240530,2024-05-30,30,Jueves,22,5,Mayo,2,1,2024,0,0
20240531,2024-05-31,31,Viernes,22,5,Mayo,2,1,2024,0,0
20240601,2024-06-01,1,Sabado,22,6,Junio,2,1,2024,1,0
20240602,2024-06-02,2,Domingo,22,6,Junio,2,1,2024,1,0
20240603,2024-06-03,3,Lunes,23,6,Junio,2,1,2024,0,0
20240604,2024-06-04,4,Martes,23,6,Junio,2,1,2024,0,0
20240605,2024-06-05,5,Miercoles,23,6,Junio,2,1,2024,0,0
20240606,2024-06-06,6,Jueves,23,6,Junio,2,1,2024,0,0
20240607,2024-06-07,7,Viernes,23,6,Junio,2,1,2024,0,0
20240608,2024-06-08,8,Sabado,23,6,Junio,2,1,2024,1,0
20240609,2024-06-09,9,Domingo,23,6,Junio,2,1,2024,1,0
20240610,2024-06-10,10,Lunes,24,6,Junio,2,1,2024,0,0
20240611,2024-06-11,11,Martes,24,6,Junio,2,1,2024,0,0
20240612,2024-06-12,12,Miercoles,24,6,Junio,2,1,2024,0,0
20240613,2024-06-13,13,Jueves,24,6,Junio,2,1,2024,0,0
20240614,2024-06-14,14,Viernes,24,6,Junio,2,1,2024,0,0
20240615,2024-06-15,15,Sabado,24,6,Junio,2,1,2024,1,0
20240616,2024-06-16,16,Domingo,24,6,Junio,2,1,2024,1,0
20240617,2024-06-17,17,Lunes,25,6,Junio,2,1,2024,0,0
20240618,2024-06-18,18,Martes,25,6,Junio,2,1,2024,0,0
20240619,2024-06-19,19,Miercoles,25,6,Junio,2,1,2024,0,0
20240620,2024-06-20,20,Jueves,25,6,Junio,2,1,2024,0,0
20240621,2024-06-21,21,Viernes,25,6,Junio,2,1,2024,0,0
20240622,2024-06-22,22,Sabado,25,6,Junio,2,1,2024,1,0
20240623,2024-06-23,23,Domingo,25,6,Junio,2,1,2024,1,0
20240624,2024-06-24,24,Lunes,26,6,Junio,2,1,2024,0,0
20240625,2024-06-25,25,Martes,26,6,Junio,2,1,2024,0,0
20240626,2024-06-26,26,Miercoles,26,6,Junio,2,1,2024,0,0
20240627,2024-06-27,27,Jueves,26,6,Junio,2,1,2024,0,0
20240628,2024-06-28,28,Viernes,26,6,Junio,2,1,2024,0,0
20240629,2024-06-29,29,Sabado,26,6,Junio,2,1,2024,1,0
20240630,2024-06-30,30,Domingo,26,6,Junio,2,1,2024,1,0
20240701,2024-07-01,1,Lunes,27,7,Julio,3,2,2024,0,0
20240702,2024-07-02,2,Martes,27,7,Julio,3,2,2024,0,0
20240703,2024-07-03,3,Miercoles,27,7,Julio,3,2,2024,0,0
20240704,2024-07-04,4,Jueves,27,7,Julio,3,2,2024,0,0
20240705,2024-07-05,5,Viernes,27,7,Julio,3,2,2024,0,0
20240706,2024-07-06,6,Sabado,27,7,Julio,3,2,2024,1,0
20240707,2024-07-07,7,Domingo,27,7,Julio,3,2,2024,1,0
20240708,2024-07-08,8,Lunes,28,7,Julio,3,2,2024,0,0
20240709,2024-07-09,9,Martes,28,7,Julio,3,2,2024,0,0
20240710,2024-07-10,10,Miercoles,28,7,Julio,3,2,2024,0,0
20240711,2024-07-11,11,Jueves,28,7,Julio,3,2,2024,0,0
20240712,2024-07-12,12,Viernes,28,7,Julio,3,2,2024,0,0
20240713,2024-07-13,13,Sabado,28,7,Julio,3,2,2024,1,0
20240714,2024-07-14,14,Domingo,28,7,Julio,3,2,2024,1,0
20240715,2024-07-15,15,Lunes,29,7,Julio,3,2,2024,0,0
20240716,2024-07-16,16,Martes,29,7,Julio,3,2,2024,0,0
20240717,2024-07-17,17,Miercoles,29,7,Julio,3,2,2024,0,0
20240718,2024-07-18,18,Jueves,29,7,Julio,3,2,2024,0,0
20240719,2024-07-19,19,Viernes,29,7,Julio,3,2,2024,0,0
20240720,2024-07-20,20,Sabado,29,7,Julio,3,2,2024,1,0
20240721,2024-07-21,21,Domingo,29,7,Julio,3,2,2024,1,0
20240722,2024-07-22,22,Lunes,30,7,Julio,3,2,2024,0,0
20240723,2024-07-23,23,Martes,30,7,Julio,3,2,2024,0,0
20240724,2024-07-24,24,Miercoles,30,7,Julio,3,2,2024,0,0
20240725,2024-07-25,25,Jueves,30,7,Julio,3,2,2024,0,0
20240726,2024-07-26,26,Viernes,30,7,Julio,3,2,2024,0,0
20240727,2024-07-27,27,Sabado,30,7,Julio,3,2,2024,1,0
20240728,2024-07-28,28,Domingo,30,7,Julio,3,2,2024,1,0
20240729,2024-07-29,29,Lunes,31,7,Julio,3,2,2024,0,0
20240730,2024-07-30,30,Martes,31,7,Julio,3,2,2024,0,0
20240731,2024-07-31,31,Miercoles,31,7,Julio,3,2,2024,0,0
20240801,2024-08-01,1,Jueves,31,8,Agosto,3,2,2024,0,0
20240802,2024-08-02,2,Viernes,31,8,Agosto,3,2,2024,0,0
20240803,2024-08-03,3,Sabado,31,8,Agosto,3,2,2024,1,0
20240804,2024-08-04,4,Domingo,31,8,Agosto,3,2,2024,1,0
20240805,2024-08-05,5,Lunes,32,8,Agosto,3,2,2024,0,0
20240806,2024-08-06,6,Martes,32,8,Agosto,3,2,2024,0,0
20240807,2024-08-07,7,Miercoles,32,8,Agosto,3,2,2024,0,0
20240808,2024-08-08,8,Jueves,32,8,Agosto,3,2,2024,0,0
20240809,2024-08-09,9,Viernes,32,8,Agosto,3,2,2024,0,0
20240810,2024-08-10,10,Sabado,32,8,Agosto,3,2,2024,1,0
20240811,2024-08-11,11,Domingo,32,8,Agosto,3,2,2024,1,0
20240812,2024-08-12,12,Lunes,33,8,Agosto,3,2,2024,0,0
20240813,2024-08-13,13,Martes,33,8,Agosto,3,2,2024,0,0
20240814,2024-08-14,14,Miercoles,33,8,Agosto,3,2,2024,0,0
20240815,2024-08-15,15,Jueves,33,8,Agosto,3,2,2024,0,0
20240816,2024-08-16,16,Viernes,33,8,Agosto,3,2,2024,0,0
20240817,2024-08-17,17,Sabado,33,8,Agosto,3,2,2024,1,0
20240818,2024-08-18,18,Domingo,33,8,Agosto,3,2,2024,1,0
20240819,2024-08-19,19,Lunes,34,8,Agosto,3,2,2024,0,0
20240820,2024-08-20,20,Martes,34,8,Agosto,3,2,2024,0,0
20240821,2024-08-21,21,Miercoles,34,8,Agosto,3,2,2024,0,0
20240822,2024-08-22,22,Jueves,34,8,Agosto,3,2,2024,0,0
20240823,2024-08-23,23,Viernes,34,8,Agosto,3,2,2024,0,0
20240824,2024-08-24,24,Sabado,34,8,Agosto,3,2,2024,1,0
20240825,2024-08-25,25,Domingo,34,8,Agosto,3,2,2024,1,0
20240826,2024-08-26,26,Lunes,35,8,Agosto,3,2,2024,0,0
20240827,2024-08-27,27,Martes,35,8,Agosto,3,2,2024,0,0
20240828,2024-08-28,28,Miercoles,35,8,Agosto,3,2,2024,0,0
20240829,2024-08-29,29,Jueves,35,8,Agosto,3,2,2024,0,0
20240830,2024-08-30,30,Viernes,35,8,Agosto,3,2,2024,0,0
20240831,2024-08-31,31,Sabado,35,8,Agosto,3,2,2024,1,0
20240901,2024-09-01,1,Domingo,35,9,Septiembre,3,2,2024,1,0
20240902,2024-09-02,2,Lunes,36,9,Septiembre,3,2,2024,0,0
20240903,2024-09-03,3,Martes,36,9,Septiembre,3,2,2024,0,0
20240904,2024-09-04,4,Miercoles,36,9,Septiembre,3,2,2024,0,0
20240905,2024-09-05,5,Jueves,36,9,Septiembre,3,2,2024,0,0
20240906,2024-09-06,6,Viernes,36,9,Septiembre,3,2,2024,0,0
20240907,2024-09-07,7,Sabado,36,9,Septiembre,3,2,2024,1,0
20240908,2024-09-08,8,Domingo,36,9,Septiembre,3,2,2024,1,0
20240909,2024-09-09,9,Lunes,37,9,Septiembre,3,2,2024,0,0
20240910,2024-09-10,10,Martes,37,9,Septiembre,3,2,2024,0,0
20240911,2024-09-11,11,Miercoles,37,9,Septiembre,3,2,2024,0,0
20240912,2024-09-12,12,Jueves,37,9,Septiembre,3,2,2024,0,0
20240913,2024-09-13,13,Viernes,37,9,Septiembre,3,2,2024,0,0
20240914,2024-09-14,14,Sabado,37,9,Septiembre,3,2,2024,1,0
20240915,2024-09-15,15,Domingo,37,9,Septiembre,3,2,2024,1,0
20240916,2024-09-16,16,Lunes,38,9,Septiembre,3,2,2024,0,0
20240917,2024-09-17,17,Martes,38,9,Septiembre,3,2,2024,0,0
20240918,2024-09-18,18,Miercoles,38,9,Septiembre,3,2,2024,0,0
20240919,2024-09-19,19,Jueves,38,9,Septiembre,3,2,2024,0,0
20240920,2024-09-20,20,Viernes,38,9,Septiembre,3,2,2024,0,0
20240921,2024-09-21,21,Sabado,38,9,Septiembre,3,2,2024,1,0
20240922,2024-09-22,22,Domingo,38,9,Septiembre,3,2,2024,1,0
20240923,2024-09-23,23,Lunes,39,9,Septiembre,3,2,2024,0,0
20240924,2024-09-24,24,Martes,39,9,Septiembre,3,2,2024,0,0
20240925,2024-09-25,25,Miercoles,39,9,Septiembre,3,2,2024,0,0
20240926,2024-09-26,26,Jueves,39,9,Septiembre,3,2,2024,0,0
20240927,2024-09-27,27,Viernes,39,9,Septiembre,3,2,2024,0,0
20240928,2024-09-28,28,Sabado,39,9,Septiembre,3,2,2024,1,0
20240929,2024-09-29,29,Domingo,39,9,Septiembre,3,2,2024,1,0
20240930,2024-09-30,30,Lunes,40,9,Septiembre,3,2,2024,0,0
20241001,2024-10-01,1,Martes,40,10,Octubre,4,2,2024,0,0
20241002,2024-10-02,2,Miercoles,40,10,Octubre,4,2,2024,0,0
20241003,2024-10-03,3,Jueves,40,10,Octubre,4,2,2024,0,0
20241004,2024-10-04,4,Viernes,40,10,Octubre,4,2,2024,0,0
20241005,2024-10-05,5,Sabado,40,10,Octubre,4,2,2024,1,0
20241006,2024-10-06,6,Domingo,40,10,Octubre,4,2,2024,1,0
20241007,2024-10-07,7,Lunes,41,10,Octubre,4,2,2024,0,0
20241008,2024-10-08,8,Martes,41,10,Octubre,4,2,2024,0,0
20241009,2024-10-09,9,Miercoles,41,10,Octubre,4,2,2024,0,0
20241010,2024-10-10,10,Jueves,41,10,Octubre,4,2,2024,0,0
20241011,2024-10-11,11,Viernes,41,10,Octubre,4,2,2024,0,0
20241012,2024-10-12,12,Sabado,41,10,Octubre,4,2,2024,1,0
20241013,2024-10-13,13,Domingo,41,10,Octubre,4,2,2024,1,0
20241014,2024-10-14,14,Lunes,42,10,Octubre,4,2,2024,0,0
20241015,2024-10-15,15,Martes,42,10,Octubre,4,2,2024,0,0
20241016,2024-10-16,16,Miercoles,42,10,Octubre,4,2,2024,0,0
20241017,2024-10-17,17,Jueves,42,10,Octubre,4,2,2024,0,0
20241018,2024-10-18,18,Viernes,42,10,Octubre,4,2,2024,0,0
20241019,2024-10-19,19,Sabado,42,10,Octubre,4,2,2024,1,0
20241020,2024-10-20,20,Domingo,42,10,Octubre,4,2,2024,1,0
20241021,2024-10-21,21,Lunes,43,10,Octubre,4,2,2024,0,0
20241022,2024-10-22,22,Martes,43,10,Octubre,4,2,2024,0,0
20241023,2024-10-23,23,Miercoles,43,10,Octubre,4,2,2024,0,0
20241024,2024-10-24,24,Jueves,43,10,Octubre,4,2,2024,0,0
20241025,2024-10-25,25,Viernes,43,10,Octubre,4,2,2024,0,0
20241026,2024-10-26,26,Sabado,43,10,Octubre,4,2,2024,1,0
20241027,2024-10-27,27,Domingo,43,10,Octubre,4,2,2024,1,0
20241028,2024-10-28,28,Lunes,44,10,Octubre,4,2,2024,0,0
20241029,2024-10-29,29,Martes,44,10,Octubre,4,2,2024,0,0
20241030,2024-10-30,30,Miercoles,44,10,Octubre,4,2,2024,0,0
20241031,2024-10-31,31,Jueves,44,10,Octubre,4,2,2024,0,0
20241101,2024-11-01,1,Viernes,44,11,Noviembre,4,2,2024,0,0
20241102,2024-11-02,2,Sabado,44,11,Noviembre,4,2,2024,1,0
20241103,2024-11-03,3,Domingo,44,11,Noviembre,4,2,2024,1,0
20241104,2024-11-04,4,Lunes,45,11,Noviembre,4,2,2024,0,0
20241105,2024-11-05,5,Martes,45,11,Noviembre,4,2,2024,0,0
20241106,2024-11-06,6,Miercoles,45,11,Noviembre,4,2,2024,0,0
20241107,2024-11-07,7,Jueves,45,11,Noviembre,4,2,2024,0,0
20241108,2024-11-08,8,Viernes,45,11,Noviembre,4,2,2024,0,0
20241109,2024-11-09,9,Sabado,45,11,Noviembre,4,2,2024,1,0
20241110,2024-11-10,10,Domingo,45,11,Noviembre,4,2,2024,1,0
20241111,2024-11-11,11,Lunes,46,11,Noviembre,4,2,2024,0,0
20241112,2024-11-12,12,Martes,46,11,Noviembre,4,2,2024,0,0
20241113,2024-11-13,13,Miercoles,46,11,Noviembre,4,2,2024,0,0
20241114,2024-11-14,14,Jueves,46,11,Noviembre,4,2,2024,0,0
20241115,2024-11-15,15,Viernes,46,11,Noviembre,4,2,2024,0,0
20241116,2024-11-16,16,Sabado,46,11,Noviembre,4,2,2024,1,0
20241117,2024-11-17,17,Domingo,46,11,Noviembre,4,2,2024,1,0
20241118,2024-11-18,18,Lunes,47,11,Noviembre,4,2,2024,0,0
20241119,2024-11-19,19,Martes,47,11,Noviembre,4,2,2024,0,0
20241120,2024-11-20,20,Miercoles,47,11,Noviembre,4,2,2024,0,0
20241121,2024-11-21,21,Jueves,47,11,Noviembre,4,2,2024,0,0
20241122,2024-11-22,22,Viernes,47,11,Noviembre,4,2,2024,0,0
20241123,2024-11-23,23,Sabado,47,11,Noviembre,4,2,2024,1,0
20241124,2024-11-24,24,Domingo,47,11,Noviembre,4,2,2024,1,0
20241125,2024-11-25,25,Lunes,48,11,Noviembre,4,2,2024,0,0
20241126,2024-11-26,26,Martes,48,11,Noviembre,4,2,2024,0,0
20241127,2024-11-27,27,Miercoles,48,11,Noviembre,4,2,2024,0,0
20241128,2024-11-28,28,Jueves,48,11,Noviembre,4,2,2024,0,0
20241129,2024-11-29,29,Viernes,48,11,Noviembre,4,2,2024,0,0
20241130,2024-11-30,30,Sabado,48,11,Noviembre,4,2,2024,1,0
20241201,2024-12-01,1,Domingo,48,12,Diciembre,4,2,2024,1,0
20241202,2024-12-02,2,Lunes,49,12,Diciembre,4,2,2024,0,0
20241203,2024-12-03,3,Martes,49,12,Diciembre,4,2,2024,0,0
20241204,2024-12-04,4,Miercoles,49,12,Diciembre,4,2,2024,0,0
20241205,2024-12-05,5,Jueves,49,12,Diciembre,4,2,2024,0,0
20241206,2024-12-06,6,Viernes,49,12,Diciembre,4,2,2024,0,0
20241207,2024-12-07,7,Sabado,49,12,Diciembre,4,2,2024,1,0
20241208,2024-12-08,8,Domingo,49,12,Diciembre,4,2,2024,1,0
20241209,2024-12-09,9,Lunes,50,12,Diciembre,4,2,2024,0,0
20241210,2024-12-10,10,Martes,50,12,Diciembre,4,2,2024,0,0
20241211,2024-12-11,11,Miercoles,50,12,Diciembre,4,2,2024,0,0
20241212,2024-12-12,12,Jueves,50,12,Diciembre,4,2,2024,0,0
20241213,2024-12-13,13,Viernes,50,12,Diciembre,4,2,2024,0,0
20241214,2024-12-14,14,Sabado,50,12,Diciembre,4,2,2024,1,0
20241215,2024-12-15,15,Domingo,50,12,Diciembre,4,2,2024,1,0
20241216,2024-12-16,16,Lunes,51,12,Diciembre,4,2,2024,0,0
20241217,2024-12-17,17,Martes,51,12,Diciembre,4,2,2024,0,0
20241218,2024-12-18,18,Miercoles,51,12,Diciembre,4,2,2024,0,0
20241219,2024-12-19,19,Jueves,51,12,Diciembre,4,2,2024,0,0
20241220,2024-12-20,20,Viernes,51,12,Diciembre,4,2,2024,0,0
20241221,2024-12-21,21,Sabado,51,12,Diciembre,4,2,2024,1,0
20241222,2024-12-22,22,Domingo,51,12,Diciembre,4,2,2024,1,0
20241223,2024-12-23,23,Lunes,52,12,Diciembre,4,2,2024,0,0
20241224,2024-12-24,24,Martes,52,12,Diciembre,4,2,2024,0,0
20241225,2024-12-25,25,Miercoles,52,12,Diciembre,4,2,2024,0,0
20241226,2024-12-26,26,Jueves,52,12,Diciembre,4,2,2024,0,0
20241227,2024-12-27,27,Viernes,52,12,Diciembre,4,2,2024,0,0
20241228,2024-12-28,28,Sabado,52,12,Diciembre,4,2,2024,1,0
20241229,2024-12-29,29,Domingo,52,12,Diciembre,4,2,2024,1,0
20241230,2024-12-30,30,Lunes,1,12,Diciembre,4,2,2024,0,0
20241231,2024-12-31,31,Martes,1,12,Diciembre,4,2,2024,0,0
20250101,2025-01-01,1,Miercoles,1,1,Enero,1,1,2025,0,0
20250102,2025-01-02,2,Jueves,1,1,Enero,1,1,2025,0,0
20250103,2025-01-03,3,Viernes,1,1,Enero,1,1,2025,0,0
20250104,2025-01-04,4,Sabado,1,1,Enero,1,1,2025,1,0
20250105,2025-01-05,5,Domingo,1,1,Enero,1,1,2025,1,0
20250106,2025-01-06,6,Lunes,2,1,Enero,1,1,2025,0,0
20250107,2025-01-07,7,Martes,2,1,Enero,1,1,2025,0,0
20250108,2025-01-08,8,Miercoles,2,1,Enero,1,1,2025,0,0
20250109,2025-01-09,9,Jueves,2,1,Enero,1,1,2025,0,0
20250110,2025-01-10,10,Viernes,2,1,Enero,1,1,2025,0,0
20250111,2025-01-11,11,Sabado,2,1,Enero,1,1,2025,1,0
20250112,2025-01-12,12,Domingo,2,1,Enero,1,1,2025,1,0
20250113,2025-01-13,13,Lunes,3,1,Enero,1,1,2025,0,0
20250114,2025-01-14,14,Martes,3,1,Enero,1,1,2025,0,0
20250115,2025-01-15,15,Miercoles,3,1,Enero,1,1,2025,0,0
20250116,2025-01-16,16,Jueves,3,1,Enero,1,1,2025,0,0
20250117,2025-01-17,17,Viernes,3,1,Enero,1,1,2025,0,0
20250118,2025-01-18,18,Sabado,3,1,Enero,1,1,2025,1,0
20250119,2025-01-19,19,Domingo,3,1,Enero,1,1,2025,1,0
20250120,2025-01-20,20,Lunes,4,1,Enero,1,1,2025,0,0
20250121,2025-01-21,21,Martes,4,1,Enero,1,1,2025,0,0
20250122,2025-01-22,22,Miercoles,4,1,Enero,1,1,2025,0,0
20250123,2025-01-23,23,Jueves,4,1,Enero,1,1,2025,0,0
20250124,2025-01-24,24,Viernes,4,1,Enero,1,1,2025,0,0
20250125,2025-01-25,25,Sabado,4,1,Enero,1,1,2025,1,0
20250126,2025-01-26,26,Domingo,4,1,Enero,1,1,2025,1,0
20250127,2025-01-27,27,Lunes,5,1,Enero,1,1,2025,0,0
20250128,2025-01-28,28,Martes,5,1,Enero,1,1,2025,0,0
20250129,2025-01-29,29,Miercoles,5,1,Enero,1,1,2025,0,0
20250130,2025-01-30,30,Jueves,5,1,Enero,1,1,2025,0,0
20250131,2025-01-31,31,Viernes,5,1,Enero,1,1,2025,0,0
20250201,2025-02-01,1,Sabado,5,2,Febrero,1,1,2025,1,0
20250202,2025-02-02,2,Domingo,5,2,Febrero,1,1,2025,1,0
20250203,2025-02-03,3,Lunes,6,2,Febrero,1,1,2025,0,0
20250204,2025-02-04,4,Martes,6,2,Febrero,1,1,2025,0,0
20250205,2025-02-05,5,Miercoles,6,2,Febrero,1,1,2025,0,0
20250206,2025-02-06,6,Jueves,6,2,Febrero,1,1,2025,0,0
20250207,2025-02-07,7,Viernes,6,2,Febrero,1,1,2025,0,0
20250208,2025-02-08,8,Sabado,6,2,Febrero,1,1,2025,1,0
20250209,2025-02-09,9,Domingo,6,2,Febrero,1,1,2025,1,0
20250210,2025-02-10,10,Lunes,7,2,Febrero,1,1,2025,0,0
20250211,2025-02-11,11,Martes,7,2,Febrero,1,1,2025,0,0
20250212,2025-02-12,12,Miercoles,7,2,Febrero,1,1,2025,0,0
20250213,2025-02-13,13,Jueves,7,2,Febrero,1,1,2025,0,0
20250214,2025-02-14,14,Viernes,7,2,Febrero,1,1,2025,0,0
20250215,2025-02-15,15,Sabado,7,2,Febrero,1,1,2025,1,0
20250216,2025-02-16,16,Domingo,7,2,Febrero,1,1,2025,1,0
20250217,2025-02-17,17,Lunes,8,2,Febrero,1,1,2025,0,0
20250218,2025-02-18,18,Martes,8,2,Febrero,1,1,2025,0,0
20250219,2025-02-19,19,Miercoles,8,2,Febrero,1,1,2025,0,0
20250220,2025-02-20,20,Jueves,8,2,Febrero,1,1,2025,0,0
20250221,2025-02-21,21,Viernes,8,2,Febrero,1,1,2025,0,0
20250222,2025-02-22,22,Sabado,8,2,Febrero,1,1,2025,1,0
20250223,2025-02-23,23,Domingo,8,2,Febrero,1,1,2025,1,0
20250224,2025-02-24,24,Lunes,9,2,Febrero,1,1,2025,0,0
20250225,2025-02-25,25,Martes,9,2,Febrero,1,1,2025,0,0
20250226,2025-02-26,26,Miercoles,9,2,Febrero,1,1,2025,0,0
20250227,2025-02-27,27,Jueves,9,2,Febrero,1,1,2025,0,0
20250228,2025-02-28,28,Viernes,9,2,Febrero,1,1,2025,0,0
20250301,2025-03-01,1,Sabado,9,3,Marzo,1,1,2025,1,0
20250302,2025-03-02,2,Domingo,9,3,Marzo,1,1,2025,1,0
20250303,2025-03-03,3,Lunes,10,3,Marzo,1,1,2025,0,0
20250304,2025-03-04,4,Martes,10,3,Marzo,1,1,2025,0,0
20250305,2025-03-05,5,Miercoles,10,3,Marzo,1,1,2025,0,0
20250306,2025-03-06,6,Jueves,10,3,Marzo,1,1,2025,0,0
20250307,2025-03-07,7,Viernes,10,3,Marzo,1,1,2025,0,0
20250308,2025-03-08,8,Sabado,10,3,Marzo,1,1,2025,1,0
20250309,2025-03-09,9,Domingo,10,3,Marzo,1,1,2025,1,0
20250310,2025-03-10,10,Lunes,11,3,Marzo,1,1,2025,0,0
20250311,2025-03-11,11,Martes,11,3,Marzo,1,1,2025,0,0
20250312,2025-03-12,12,Miercoles,11,3,Marzo,1,1,2025,0,0
20250313,2025-03-13,13,Jueves,11,3,Marzo,1,1,2025,0,0
20250314,2025-03-14,14,Viernes,11,3,Marzo,1,1,2025,0,0
20250315,2025-03-15,15,Sabado,11,3,Marzo,1,1,2025,1,0
20250316,2025-03-16,16,Domingo,11,3,Marzo,1,1,2025,1,0
20250317,2025-03-17,17,Lunes,12,3,Marzo,1,1,2025,0,0
20250318,2025-03-18,18,Martes,12,3,Marzo,1,1,2025,0,0
20250319,2025-03-19,19,Miercoles,12,3,Marzo,1,1,2025,0,0
20250320,2025-03-20,20,Jueves,12,3,Marzo,1,1,2025,0,0
20250321,2025-03-21,21,Viernes,12,3,Marzo,1,1,2025,0,0
20250322,2025-03-22,22,Sabado,12,3,Marzo,1,1,2025,1,0
20250323,2025-03-23,23,Domingo,12,3,Marzo,1,1,2025,1,0
20250324,2025-03-24,24,Lunes,13,3,Marzo,1,1,2025,0,0
20250325,2025-03-25,25,Martes,13,3,Marzo,1,1,2025,0,0
20250326,2025-03-26,26,Miercoles,13,3,Marzo,1,1,2025,0,0
20250327,2025-03-27,27,Jueves,13,3,Marzo,1,1,2025,0,0
20250328,2025-03-28,28,Viernes,13,3,Marzo,1,1,2025,0,0
20250329,2025-03-29,29,Sabado,13,3,Marzo,1,1,2025,1,0
20250330,2025-03-30,30,Domingo,13,3,Marzo,1,1,2025,1,0
20250331,2025-03-31,31,Lunes,14,3,Marzo,1,1,2025,0,0
20250401,2025-04-01,1,Martes,14,4,Abril,2,1,2025,0,0
20250402,2025-04-02,2,Miercoles,14,4,Abril,2,1,2025,0,0
20250403,2025-04-03,3,Jueves,14,4,Abril,2,1,2025,0,0
20250404,2025-04-04,4,Viernes,14,4,Abril,2,1,2025,0,0
20250405,2025-04-05,5,Sabado,14,4,Abril,2,1,2025,1,0
20250406,2025-04-06,6,Domingo,14,4,Abril,2,1,2025,1,0
20250407,2025-04-07,7,Lunes,15,4,Abril,2,1,2025,0,0
20250408,2025-04-08,8,Martes,15,4,Abril,2,1,2025,0,0
20250409,2025-04-09,9,Miercoles,15,4,Abril,2,1,2025,0,0
20250410,2025-04-10,10,Jueves,15,4,Abril,2,1,2025,0,0
20250411,2025-04-11,11,Viernes,15,4,Abril,2,1,2025,0,0
20250412,2025-04-12,12,Sabado,15,4,Abril,2,1,2025,1,0
20250413,2025-04-13,13,Domingo,15,4,Abril,2,1,2025,1,0
20250414,2025-04-14,14,Lunes,16,4,Abril,2,1,2025,0,0
20250415,2025-04-15,15,Martes,16,4,Abril,2,1,2025,0,0
20250416,2025-04-16,16,Miercoles,16,4,Abril,2,1,2025,0,0
20250417,2025-04-17,17,Jueves,16,4,Abril,2,1,2025,0,0
20250418,2025-04-18,18,Viernes,16,4,Abril,2,1,2025,0,0
20250419,2025-04-19,19,Sabado,16,4,Abril,2,1,2025,1,0
20250420,2025-04-20,20,Domingo,16,4,Abril,2,1,2025,1,0
20250421,2025-04-21,21,Lunes,17,4,Abril,2,1,2025,0,0
20250422,2025-04-22,22,Martes,17,4,Abril,2,1,2025,0,0
20250423,2025-04-23,23,Miercoles,17,4,Abril,2,1,2025,0,0
20250424,2025-04-24,24,Jueves,17,4,Abril,2,1,2025,0,0
20250425,2025-04-25,25,Viernes,17,4,Abril,2,1,2025,0,0
20250426,2025-04-26,26,Sabado,17,4,Abril,2,1,2025,1,0
20250427,2025-04-27,27,Domingo,17,4,Abril,2,1,2025,1,0
20250428,2025-04-28,28,Lunes,18,4,Abril,2,1,2025,0,0
20250429,2025-04-29,29,Martes,18,4,Abril,2,1,2025,0,0
20250430,2025-04-30,30,Miercoles,18,4,Abril,2,1,2025,0,0
20250501,2025-05-01,1,Jueves,18,5,Mayo,2,1,2025,0,0
20250502,2025-05-02,2,Viernes,18,5,Mayo,2,1,2025,0,0
20250503,2025-05-03,3,Sabado,18,5,Mayo,2,1,2025,1,0
20250504,2025-05-04,4,Domingo,18,5,Mayo,2,1,2025,1,0
20250505,2025-05-05,5,Lunes,19,5,Mayo,2,1,2025,0,0
20250506,2025-05-06,6,Martes,19,5,Mayo,2,1,2025,0,0
20250507,2025-05-07,7,Miercoles,19,5,Mayo,2,1,2025,0,0
20250508,2025-05-08,8,Jueves,19,5,Mayo,2,1,2025,0,0
20250509,2025-05-09,9,Viernes,19,5,Mayo,2,1,2025,0,0
20250510,2025-05-10,10,Sabado,19,5,Mayo,2,1,2025,1,0
20250511,2025-05-11,11,Domingo,19,5,Mayo,2,1,2025,1,0
20250512,2025-05-12,12,Lunes,20,5,Mayo,2,1,2025,0,0
20250513,2025-05-13,13,Martes,20,5,Mayo,2,1,2025,0,0
20250514,2025-05-14,14,Miercoles,20,5,Mayo,2,1,2025,0,0
20250515,2025-05-15,15,Jueves,20,5,Mayo,2,1,2025,0,0
20250516,2025-05-16,16,Viernes,20,5,Mayo,2,1,2025,0,0
20250517,2025-05-17,17,Sabado,20,5,Mayo,2,1,2025,1,0
20250518,2025-05-18,18,Domingo,20,5,Mayo,2,1,2025,1,0
20250519,2025-05-19,19,Lunes,21,5,Mayo,2,1,2025,0,0
20250520,2025-05-20,20,Martes,21,5,Mayo,2,1,2025,0,0
20250521,2025-05-21,21,Miercoles,21,5,Mayo,2,1,2025,0,0
20250522,2025-05-22,22,Jueves,21,5,Mayo,2,1,2025,0,0
20250523,2025-05-23,23,Viernes,21,5,Mayo,2,1,2025,0,0
20250524,2025-05-24,24,Sabado,21,5,Mayo,2,1,2025,1,0
20250525,2025-05-25,25,Domingo,21,5,Mayo,2,1,2025,1,0
20250526,2025-05-26,26,Lunes,22,5,Mayo,2,1,2025,0,0
20250527,2025-05-27,27,Martes,22,5,Mayo,2,1,2025,0,0
20250528,2025-05-28,28,Miercoles,22,5,Mayo,2,1,2025,0,0
20250529,2025-05-29,29,Jueves,22,5,Mayo,2,1,2025,0,0
20250530,2025-05-30,30,Viernes,22,5,Mayo,2,1,2025,0,0
20250531,2025-05-31,31,Sabado,22,5,Mayo,2,1,2025,1,0
20250601,2025-06-01,1,Domingo,22,6,Junio,2,1,2025,1,0
20250602,2025-06-02,2,Lunes,23,6,Junio,2,1,2025,0,0
20250603,2025-06-03,3,Martes,23,6,Junio,2,1,2025,0,0
20250604,2025-06-04,4,Miercoles,23,6,Junio,2,1,2025,0,0
20250605,2025-06-05,5,Jueves,23,6,Junio,2,1,2025,0,0
20250606,2025-06-06,6,Viernes,23,6,Junio,2,1,2025,0,0
20250607,2025-06-07,7,Sabado,23,6,Junio,2,1,2025,1,0
20250608,2025-06-08,8,Domingo,23,6,Junio,2,1,2025,1,0
20250609,2025-06-09,9,Lunes,24,6,Junio,2,1,2025,0,0
20250610,2025-06-10,10,Martes,24,6,Junio,2,1,2025,0,0
20250611,2025-06-11,11,Miercoles,24,6,Junio,2,1,2025,0,0
20250612,2025-06-12,12,Jueves,24,6,Junio,2,1,2025,0,0
20250613,2025-06-13,13,Viernes,24,6,Junio,2,1,2025,0,0
20250614,2025-06-14,14,Sabado,24,6,Junio,2,1,2025,1,0
20250615,2025-06-15,15,Domingo,24,6,Junio,2,1,2025,1,0
20250616,2025-06-16,16,Lunes,25,6,Junio,2,1,2025,0,0
20250617,2025-06-17,17,Martes,25,6,Junio,2,1,2025,0,0
20250618,2025-06-18,18,Miercoles,25,6,Junio,2,1,2025,0,0
20250619,2025-06-19,19,Jueves,25,6,Junio,2,1,2025,0,0
20250620,2025-06-20,20,Viernes,25,6,Junio,2,1,2025,0,0
20250621,2025-06-21,21,Sabado,25,6,Junio,2,1,2025,1,0
20250622,2025-06-22,22,Domingo,25,6,Junio,2,1,2025,1,0
20250623,2025-06-23,23,Lunes,26,6,Junio,2,1,2025,0,0
20250624,2025-06-24,24,Martes,26,6,Junio,2,1,2025,0,0
20250625,2025-06-25,25,Miercoles,26,6,Junio,2,1,2025,0,0
20250626,2025-06-26,26,Jueves,26,6,Junio,2,1,2025,0,0
20250627,2025-06-27,27,Viernes,26,6,Junio,2,1,2025,0,0
20250628,2025-06-28,28,Sabado,26,6,Junio,2,1,2025,1,0
20250629,2025-06-29,29,Domingo,26,6,Junio,2,1,2025,1,0
20250630,2025-06-30,30,Lunes,27,6,Junio,2,1,2025,0,0
20250701,2025-07-01,1,Martes,27,7,Julio,3,2,2025,0,0
20250702,2025-07-02,2,Miercoles,27,7,Julio,3,2,2025,0,0
20250703,2025-07-03,3,Jueves,27,7,Julio,3,2,2025,0,0
20250704,2025-07-04,4,Viernes,27,7,Julio,3,2,2025,0,0
20250705,2025-07-05,5,Sabado,27,7,Julio,3,2,2025,1,0
20250706,2025-07-06,6,Domingo,27,7,Julio,3,2,2025,1,0
20250707,2025-07-07,7,Lunes,28,7,Julio,3,2,2025,0,0
20250708,2025-07-08,8,Martes,28,7,Julio,3,2,2025,0,0
20250709,2025-07-09,9,Miercoles,28,7,Julio,3,2,2025,0,0
20250710,2025-07-10,10,Jueves,28,7,Julio,3,2,2025,0,0
20250711,2025-07-11,11,Viernes,28,7,Julio,3,2,2025,0,0
20250712,2025-07-12,12,Sabado,28,7,Julio,3,2,2025,1,0
20250713,2025-07-13,13,Domingo,28,7,Julio,3,2,2025,1,0
20250714,2025-07-14,14,Lunes,29,7,Julio,3,2,2025,0,0
20250715,2025-07-15,15,Martes,29,7,Julio,3,2,2025,0,0
20250716,2025-07-16,16,Miercoles,29,7,Julio,3,2,2025,0,0
20250717,2025-07-17,17,Jueves,29,7,Julio,3,2,2025,0,0
20250718,2025-07-18,18,Viernes,29,7,Julio,3,2,2025,0,0
20250719,2025-07-19,19,Sabado,29,7,Julio,3,2,2025,1,0
20250720,2025-07-20,20,Domingo,29,7,Julio,3,2,2025,1,0
20250721,2025-07-21,21,Lunes,30,7,Julio,3,2,2025,0,0
20250722,2025-07-22,22,Martes,30,7,Julio,3,2,2025,0,0
20250723,2025-07-23,23,Miercoles,30,7,Julio,3,2,2025,0,0
20250724,2025-07-24,24,Jueves,30,7,Julio,3,2,2025,0,0
20250725,2025-07-25,25,Viernes,30,7,Julio,3,2,2025,0,0
20250726,2025-07-26,26,Sabado,30,7,Julio,3,2,2025,1,0
20250727,2025-07-27,27,Domingo,30,7,Julio,3,2,2025,1,0
20250728,2025-07-28,28,Lunes,31,7,Julio,3,2,2025,0,0
20250729,2025-07-29,29,Martes,31,7,Julio,3,2,2025,0,0
20250730,2025-07-30,30,Miercoles,31,7,Julio,3,2,2025,0,0
20250731,2025-07-31,31,Jueves,31,7,Julio,3,2,2025,0,0
20250801,2025-08-01,1,Viernes,31,8,Agosto,3,2,2025,0,0
20250802,2025-08-02,2,Sabado,31,8,Agosto,3,2,2025,1,0
20250803,2025-08-03,3,Domingo,31,8,Agosto,3,2,2025,1,0
20250804,2025-08-04,4,Lunes,32,8,Agosto,3,2,2025,0,0
20250805,2025-08-05,5,Martes,32,8,Agosto,3,2,2025,0,0
20250806,2025-08-06,6,Miercoles,32,8,Agosto,3,2,2025,0,0
20250807,2025-08-07,7,Jueves,32,8,Agosto,3,2,2025,0,0
20250808,2025-08-08,8,Viernes,32,8,Agosto,3,2,2025,0,0
20250809,2025-08-09,9,Sabado,32,8,Agosto,3,2,2025,1,0
20250810,2025-08-10,10,Domingo,32,8,Agosto,3,2,2025,1,0
20250811,2025-08-11,11,Lunes,33,8,Agosto,3,2,2025,0,0
20250812,2025-08-12,12,Martes,33,8,Agosto,3,2,2025,0,0
20250813,2025-08-13,13,Miercoles,33,8,Agosto,3,2,2025,0,0
20250814,2025-08-14,14,Jueves,33,8,Agosto,3,2,2025,0,0
20250815,2025-08-15,15,Viernes,33,8,Agosto,3,2,2025,0,0
20250816,2025-08-16,16,Sabado,33,8,Agosto,3,2,2025,1,0
20250817,2025-08-17,17,Domingo,33,8,Agosto,3,2,2025,1,0
20250818,2025-08-18,18,Lunes,34,8,Agosto,3,2,2025,0,0
20250819,2025-08-19,19,Martes,34,8,Agosto,3,2,2025,0,0
20250820,2025-08-20,20,Miercoles,34,8,Agosto,3,2,2025,0,0
20250821,2025-08-21,21,Jueves,34,8,Agosto,3,2,2025,0,0
20250822,2025-08-22,22,Viernes,34,8,Agosto,3,2,2025,0,0
20250823,2025-08-23,23,Sabado,34,8,Agosto,3,2,2025,1,0
20250824,2025-08-24,24,Domingo,34,8,Agosto,3,2,2025,1,0
20250825,2025-08-25,25,Lunes,35,8,Agosto,3,2,2025,0,0
20250826,2025-08-26,26,Martes,35,8,Agosto,3,2,2025,0,0
20250827,2025-08-27,27,Miercoles,35,8,Agosto,3,2,2025,0,0
20250828,2025-08-28,28,Jueves,35,8,Agosto,3,2,2025,0,0
20250829,2025-08-29,29,Viernes,35,8,Agosto,3,2,2025,0,0
20250830,2025-08-30,30,Sabado,35,8,Agosto,3,2,2025,1,0
20250831,2025-08-31,31,Domingo,35,8,Agosto,3,2,2025,1,0
20250901,2025-09-01,1,Lunes,36,9,Septiembre,3,2,2025,0,0
20250902,2025-09-02,2,Martes,36,9,Septiembre,3,2,2025,0,0
20250903,2025-09-03,3,Miercoles,36,9,Septiembre,3,2,2025,0,0
20250904,2025-09-04,4,Jueves,36,9,Septiembre,3,2,2025,0,0
20250905,2025-09-05,5,Viernes,36,9,Septiembre,3,2,2025,0,0
20250906,2025-09-06,6,Sabado,36,9,Septiembre,3,2,2025,1,0
20250907,2025-09-07,7,Domingo,36,9,Septiembre,3,2,2025,1,0
20250908,2025-09-08,8,Lunes,37,9,Septiembre,3,2,2025,0,0
20250909,2025-09-09,9,Martes,37,9,Septiembre,3,2,2025,0,0
20250910,2025-09-10,10,Miercoles,37,9,Septiembre,3,2,2025,0,0
20250911,2025-09-11,11,Jueves,37,9,Septiembre,3,2,2025,0,0
20250912,2025-09-12,12,Viernes,37,9,Septiembre,3,2,2025,0,0
20250913,2025-09-13,13,Sabado,37,9,Septiembre,3,2,2025,1,0
20250914,2025-09-14,14,Domingo,37,9,Septiembre,3,2,2025,1,0
20250915,2025-09-15,15,Lunes,38,9,Septiembre,3,2,2025,0,0
20250916,2025-09-16,16,Martes,38,9,Septiembre,3,2,2025,0,0
20250917,2025-09-17,17,Miercoles,38,9,Septiembre,3,2,2025,0,0
20250918,2025-09-18,18,Jueves,38,9,Septiembre,3,2,2025,0,0
20250919,2025-09-19,19,Viernes,38,9,Septiembre,3,2,2025,0,0
20250920,2025-09-20,20,Sabado,38,9,Septiembre,3,2,2025,1,0
20250921,2025-09-21,21,Domingo,38,9,Septiembre,3,2,2025,1,0
20250922,2025-09-22,22,Lunes,39,9,Septiembre,3,2,2025,0,0
20250923,2025-09-23,23,Martes,39,9,Septiembre,3,2,2025,0,0
20250924,2025-09-24,24,Miercoles,39,9,Septiembre,3,2,2025,0,0
20250925,2025-09-25,25,Jueves,39,9,Septiembre,3,2,2025,0,0
20250926,2025-09-26,26,Viernes,39,9,Septiembre,3,2,2025,0,0
20250927,2025-09-27,27,Sabado,39,9,Septiembre,3,2,2025,1,0
20250928,2025-09-28,28,Domingo,39,9,Septiembre,3,2,2025,1,0
20250929,2025-09-29,29,Lunes,40,9,Septiembre,3,2,2025,0,0
20250930,2025-09-30,30,Martes,40,9,Septiembre,3,2,2025,0,0
20251001,2025-10-01,1,Miercoles,40,10,Octubre,4,2,2025,0,0
20251002,2025-10-02,2,Jueves,40,10,Octubre,4,2,2025,0,0
20251003,2025-10-03,3,Viernes,40,10,Octubre,4,2,2025,0,0
20251004,2025-10-04,4,Sabado,40,10,Octubre,4,2,2025,1,0
20251005,2025-10-05,5,Domingo,40,10,Octubre,4,2,2025,1,0
20251006,2025-10-06,6,Lunes,41,10,Octubre,4,2,2025,0,0
20251007,2025-10-07,7,Martes,41,10,Octubre,4,2,2025,0,0
20251008,2025-10-08,8,Miercoles,41,10,Octubre,4,2,2025,0,0
20251009,2025-10-09,9,Jueves,41,10,Octubre,4,2,2025,0,0
20251010,2025-10-10,10,Viernes,41,10,Octubre,4,2,2025,0,0
20251011,2025-10-11,11,Sabado,41,10,Octubre,4,2,2025,1,0
20251012,2025-10-12,12,Domingo,41,10,Octubre,4,2,2025,1,0
20251013,2025-10-13,13,Lunes,42,10,Octubre,4,2,2025,0,0
20251014,2025-10-14,14,Martes,42,10,Octubre,4,2,2025,0,0
20251015,2025-10-15,15,Miercoles,42,10,Octubre,4,2,2025,0,0
20251016,2025-10-16,16,Jueves,42,10,Octubre,4,2,2025,0,0
20251017,2025-10-17,17,Viernes,42,10,Octubre,4,2,2025,0,0
20251018,2025-10-18,18,Sabado,42,10,Octubre,4,2,2025,1,0
20251019,2025-10-19,19,Domingo,42,10,Octubre,4,2,2025,1,0
20251020,2025-10-20,20,Lunes,43,10,Octubre,4,2,2025,0,0
20251021,2025-10-21,21,Martes,43,10,Octubre,4,2,2025,0,0
20251022,2025-10-22,22,Miercoles,43,10,Octubre,4,2,2025,0,0
20251023,2025-10-23,23,Jueves,43,10,Octubre,4,2,2025,0,0
20251024,2025-10-24,24,Viernes,43,10,Octubre,4,2,2025,0,0
20251025,2025-10-25,25,Sabado,43,10,Octubre,4,2,2025,1,0
20251026,2025-10-26,26,Domingo,43,10,Octubre,4,2,2025,1,0
20251027,2025-10-27,27,Lunes,44,10,Octubre,4,2,2025,0,0
20251028,2025-10-28,28,Martes,44,10,Octubre,4,2,2025,0,0
20251029,2025-10-29,29,Miercoles,44,10,Octubre,4,2,2025,0,0
20251030,2025-10-30,30,Jueves,44,10,Octubre,4,2,2025,0,0
20251031,2025-10-31,31,Viernes,44,10,Octubre,4,2,2025,0,0
20251101,2025-11-01,1,Sabado,44,11,Noviembre,4,2,2025,1,0
20251102,2025-11-02,2,Domingo,44,11,Noviembre,4,2,2025,1,0
20251103,2025-11-03,3,Lunes,45,11,Noviembre,4,2,2025,0,0
20251104,2025-11-04,4,Martes,45,11,Noviembre,4,2,2025,0,0
20251105,2025-11-05,5,Miercoles,45,11,Noviembre,4,2,2025,0,0
20251106,2025-11-06,6,Jueves,45,11,Noviembre,4,2,2025,0,0
20251107,2025-11-07,7,Viernes,45,11,Noviembre,4,2,2025,0,0
20251108,2025-11-08,8,Sabado,45,11,Noviembre,4,2,2025,1,0
20251109,2025-11-09,9,Domingo,45,11,Noviembre,4,2,2025,1,0
20251110,2025-11-10,10,Lunes,46,11,Noviembre,4,2,2025,0,0
20251111,2025-11-11,11,Martes,46,11,Noviembre,4,2,2025,0,0
20251112,2025-11-12,12,Miercoles,46,11,Noviembre,4,2,2025,0,0
20251113,2025-11-13,13,Jueves,46,11,Noviembre,4,2,2025,0,0
20251114,2025-11-14,14,Viernes,46,11,Noviembre,4,2,2025,0,0
20251115,2025-11-15,15,Sabado,46,11,Noviembre,4,2,2025,1,0
20251116,2025-11-16,16,Domingo,46,11,Noviembre,4,2,2025,1,0
20251117,2025-11-17,17,Lunes,47,11,Noviembre,4,2,2025,0,0
20251118,2025-11-18,18,Martes,47,11,Noviembre,4,2,2025,0,0
20251119,2025-11-19,19,Miercoles,47,11,Noviembre,4,2,2025,0,0
20251120,2025-11-20,20,Jueves,47,11,Noviembre,4,2,2025,0,0
20251121,2025-11-21,21,Viernes,47,11,Noviembre,4,2,2025,0,0
20251122,2025-11-22,22,Sabado,47,11,Noviembre,4,2,2025,1,0
20251123,2025-11-23,23,Domingo,47,11,Noviembre,4,2,2025,1,0
20251124,2025-11-24,24,Lunes,48,11,Noviembre,4,2,2025,0,0
20251125,2025-11-25,25,Martes,48,11,Noviembre,4,2,2025,0,0
20251126,2025-11-26,26,Miercoles,48,11,Noviembre,4,2,2025,0,0
20251127,2025-11-27,27,Jueves,48,11,Noviembre,4,2,2025,0,0
20251128,2025-11-28,28,Viernes,48,11,Noviembre,4,2,2025,0,0
20251129,2025-11-29,29,Sabado,48,11,Noviembre,4,2,2025,1,0
20251130,2025-11-30,30,Domingo,48,11,Noviembre,4,2,2025,1,0
20251201,2025-12-01,1,Lunes,49,12,Diciembre,4,2,2025,0,0
20251202,2025-12-02,2,Martes,49,12,Diciembre,4,2,2025,0,0
20251203,2025-12-03,3,Miercoles,49,12,Diciembre,4,2,2025,0,0
20251204,2025-12-04,4,Jueves,49,12,Diciembre,4,2,2025,0,0
20251205,2025-12-05,5,Viernes,49,12,Diciembre,4,2,2025,0,0
20251206,2025-12-06,6,Sabado,49,12,Diciembre,4,2,2025,1,0
20251207,2025-12-07,7,Domingo,49,12,Diciembre,4,2,2025,1,0
20251208,2025-12-08,8,Lunes,50,12,Diciembre,4,2,2025,0,0
20251209,2025-12-09,9,Martes,50,12,Diciembre,4,2,2025,0,0
20251210,2025-12-10,10,Miercoles,50,12,Diciembre,4,2,2025,0,0
20251211,2025-12-11,11,Jueves,50,12,Diciembre,4,2,2025,0,0
20251212,2025-12-12,12,Viernes,50,12,Diciembre,4,2,2025,0,0
20251213,2025-12-13,13,Sabado,50,12,Diciembre,4,2,2025,1,0
20251214,2025-12-14,14,Domingo,50,12,Diciembre,4,2,2025,1,0
20251215,2025-12-15,15,Lunes,51,12,Diciembre,4,2,2025,0,0
20251216,2025-12-16,16,Martes,51,12,Diciembre,4,2,2025,0,0
20251217,2025-12-17,17,Miercoles,51,12,Diciembre,4,2,2025,0,0
20251218,2025-12-18,18,Jueves,51,12,Diciembre,4,2,2025,0,0
20251219,2025-12-19,19,Viernes,51,12,Diciembre,4,2,2025,0,0
20251220,2025-12-20,20,Sabado,51,12,Diciembre,4,2,2025,1,0
20251221,2025-12-21,21,Domingo,51,12,Diciembre,4,2,2025,1,0
20251222,2025-12-22,22,Lunes,52,12,Diciembre,4,2,2025,0,0
20251223,2025-12-23,23,Martes,52,12,Diciembre,4,2,2025,0,0
20251224,2025-12-24,24,Miercoles,52,12,Diciembre,4,2,2025,0,0
20251225,2025-12-25,25,Jueves,52,12,Diciembre,4,2,2025,0,0
20251226,2025-12-26,26,Viernes,52,12,Diciembre,4,2,2025,0,0
20251227,2025-12-27,27,Sabado,52,12,Diciembre,4,2,2025,1,0
20251228,2025-12-28,28,Domingo,52,12,Diciembre,4,2,2025,1,0
20251229,2025-12-29,29,Lunes,1,12,Diciembre,4,2,2025,0,0
20251230,2025-12-30,30,Martes,1,12,Diciembre,4,2,2025,0,0
20251231,2025-12-31,31,Miercoles,1,12,Diciembre,4,2,2025,0,0
